jobId,companyId,jobType,degree,major,industry,yearsExperience,milesFromMetropolis,salary,yearsExperience_bin,milesFromMetropolis_bin,salary_pred
JOB1362684407687,COMP37,CFO,MASTERS,MATH,HEALTH,10.0,83.0,130,2,4,124.66249263898986
JOB1362684407688,COMP19,CEO,HIGH_SCHOOL,NONE,WEB,3.0,73.0,101,0,3,116.90287558333662
JOB1362684407689,COMP52,VICE_PRESIDENT,DOCTORAL,PHYSICS,HEALTH,10.0,38.0,137,2,1,136.39464747493813
JOB1362684407690,COMP38,MANAGER,DOCTORAL,CHEMISTRY,AUTO,8.0,17.0,142,1,0,123.34242156442049
JOB1362684407691,COMP7,VICE_PRESIDENT,BACHELORS,PHYSICS,FINANCE,8.0,16.0,163,1,0,142.6868650263135
JOB1362684407692,COMP15,MANAGER,DOCTORAL,COMPSCI,FINANCE,2.0,31.0,113,0,1,126.43531303102249
JOB1362684407693,COMP15,CFO,NONE,NONE,HEALTH,23.0,24.0,178,4,1,160.88512984581538
JOB1362684407694,COMP24,JUNIOR,BACHELORS,CHEMISTRY,EDUCATION,9.0,70.0,73,1,3,67.4508728827441
JOB1362684407695,COMP20,JANITOR,HIGH_SCHOOL,NONE,EDUCATION,1.0,54.0,31,0,2,31.62433949403194
JOB1362684407696,COMP41,VICE_PRESIDENT,BACHELORS,CHEMISTRY,AUTO,17.0,68.0,104,3,3,119.61194686948592
JOB1362684407697,COMP56,JANITOR,HIGH_SCHOOL,NONE,HEALTH,24.0,30.0,102,4,1,105.53311005023559
JOB1362684407698,COMP7,CEO,MASTERS,PHYSICS,EDUCATION,7.0,79.0,144,1,3,119.39076147590713
JOB1362684407699,COMP4,JUNIOR,NONE,NONE,OIL,8.0,29.0,79,1,1,92.2525892664554
JOB1362684407700,COMP54,JUNIOR,MASTERS,MATH,FINANCE,21.0,26.0,193,4,1,146.6887439617055
JOB1362684407701,COMP57,JANITOR,NONE,NONE,AUTO,21.0,81.0,47,4,4,63.56254351417716
JOB1362684407702,COMP20,CTO,MASTERS,BIOLOGY,SERVICE,13.0,8.0,172,2,0,145.48677823245546
JOB1362684407703,COMP14,JUNIOR,MASTERS,PHYSICS,SERVICE,1.0,91.0,47,0,4,63.53648084921522
JOB1362684407704,COMP61,VICE_PRESIDENT,MASTERS,LITERATURE,SERVICE,23.0,43.0,126,4,2,140.8909317900237
JOB1362684407705,COMP58,CEO,MASTERS,LITERATURE,SERVICE,23.0,66.0,122,4,3,143.731007786538
JOB1362684407706,COMP3,CEO,MASTERS,PHYSICS,EDUCATION,9.0,99.0,95,1,4,114.54818554945335
JOB1362684407707,COMP44,JANITOR,NONE,NONE,SERVICE,11.0,96.0,32,2,4,41.64169084206575
JOB1362684407708,COMP20,JUNIOR,NONE,NONE,AUTO,14.0,62.0,68,2,3,72.21490210968705
JOB1362684407709,COMP30,JUNIOR,BACHELORS,LITERATURE,HEALTH,18.0,69.0,105,3,3,94.11234613309682
JOB1362684407710,COMP38,JUNIOR,NONE,NONE,HEALTH,20.0,63.0,76,4,3,90.40562218091927
JOB1362684407711,COMP20,CEO,BACHELORS,NONE,WEB,12.0,8.0,202,2,0,161.7642351323458
JOB1362684407712,COMP27,CFO,BACHELORS,CHEMISTRY,AUTO,9.0,70.0,131,1,3,118.59644384547556
JOB1362684407713,COMP38,CEO,BACHELORS,COMPSCI,AUTO,24.0,40.0,158,4,2,171.16890653511567
JOB1362684407714,COMP34,CTO,MASTERS,BUSINESS,AUTO,9.0,6.0,130,1,0,145.00368376915446
JOB1362684407715,COMP11,JANITOR,HIGH_SCHOOL,NONE,FINANCE,20.0,23.0,101,4,1,112.71838260596726
JOB1362684407716,COMP31,SENIOR,DOCTORAL,BUSINESS,EDUCATION,1.0,9.0,82,0,0,87.78018830824985
JOB1362684407717,COMP49,JUNIOR,BACHELORS,PHYSICS,HEALTH,23.0,2.0,159,4,0,154.00205685690875
JOB1362684407718,COMP0,CFO,BACHELORS,PHYSICS,HEALTH,18.0,32.0,132,3,1,156.1369571270241
JOB1362684407719,COMP1,CEO,MASTERS,NONE,OIL,7.0,91.0,165,1,4,132.7365189476355
JOB1362684407720,COMP36,JUNIOR,MASTERS,MATH,HEALTH,12.0,78.0,100,2,3,98.72920915522464
JOB1362684407721,COMP31,MANAGER,DOCTORAL,NONE,HEALTH,15.0,14.0,164,3,0,142.64141435513542
JOB1362684407722,COMP47,MANAGER,NONE,NONE,HEALTH,18.0,58.0,115,3,2,107.17439960073895
JOB1362684407723,COMP30,MANAGER,DOCTORAL,ENGINEERING,WEB,22.0,14.0,206,4,0,189.5524321838982
JOB1362684407724,COMP8,VICE_PRESIDENT,DOCTORAL,BUSINESS,HEALTH,24.0,35.0,183,4,1,170.28385048418164
JOB1362684407725,COMP31,VICE_PRESIDENT,HIGH_SCHOOL,NONE,OIL,8.0,6.0,114,1,0,137.02102610665852
JOB1362684407726,COMP42,VICE_PRESIDENT,BACHELORS,BIOLOGY,EDUCATION,7.0,17.0,104,1,0,105.82420395477094
JOB1362684407727,COMP7,VICE_PRESIDENT,MASTERS,NONE,HEALTH,8.0,54.0,141,1,2,114.74913373981629
JOB1362684407728,COMP8,CEO,MASTERS,LITERATURE,AUTO,20.0,93.0,119,4,4,131.62524522390538
JOB1362684407729,COMP50,MANAGER,MASTERS,LITERATURE,WEB,8.0,82.0,91,1,4,101.20152433146193
JOB1362684407730,COMP11,CEO,NONE,NONE,FINANCE,2.0,38.0,106,0,1,127.09531934254906
JOB1362684407731,COMP34,CEO,HIGH_SCHOOL,NONE,AUTO,11.0,87.0,119,2,4,113.68967544591064
JOB1362684407732,COMP42,VICE_PRESIDENT,MASTERS,LITERATURE,OIL,0.0,76.0,112,0,3,113.80496133059583
JOB1362684407733,COMP53,MANAGER,DOCTORAL,NONE,AUTO,19.0,22.0,116,3,1,138.8902013155118
JOB1362684407734,COMP48,CEO,NONE,NONE,WEB,21.0,63.0,148,4,3,145.33305673834613
JOB1362684407735,COMP45,CEO,DOCTORAL,CHEMISTRY,OIL,8.0,44.0,173,1,2,161.89011470176752
JOB1362684407736,COMP30,SENIOR,HIGH_SCHOOL,NONE,OIL,15.0,91.0,113,3,4,96.26291803168658
JOB1362684407737,COMP46,JUNIOR,BACHELORS,BUSINESS,WEB,8.0,81.0,70,1,4,84.95944537264009
JOB1362684407738,COMP2,CEO,NONE,NONE,SERVICE,22.0,93.0,105,4,4,113.15996949823811
JOB1362684407739,COMP5,JUNIOR,MASTERS,BIOLOGY,FINANCE,11.0,72.0,88,2,3,98.12773033216095
JOB1362684407740,COMP55,MANAGER,DOCTORAL,ENGINEERING,WEB,24.0,58.0,193,4,2,167.30243952378578
JOB1362684407741,COMP44,JANITOR,HIGH_SCHOOL,NONE,AUTO,9.0,4.0,91,1,0,75.92695651986767
JOB1362684407742,COMP30,JUNIOR,BACHELORS,ENGINEERING,HEALTH,5.0,63.0,96,1,3,82.55146405329964
JOB1362684407743,COMP29,MANAGER,HIGH_SCHOOL,NONE,HEALTH,15.0,14.0,118,3,0,128.08803263333624
JOB1362684407744,COMP7,CFO,BACHELORS,COMPSCI,EDUCATION,15.0,25.0,140,3,1,139.816831617898
JOB1362684407745,COMP20,CEO,NONE,NONE,FINANCE,9.0,36.0,161,1,1,142.47098543278588
JOB1362684407746,COMP11,VICE_PRESIDENT,MASTERS,LITERATURE,SERVICE,10.0,5.0,106,2,0,129.0178275457708
JOB1362684407747,COMP45,CTO,NONE,NONE,WEB,19.0,36.0,111,3,1,146.66450663100824
JOB1362684407748,COMP2,JUNIOR,HIGH_SCHOOL,NONE,HEALTH,13.0,93.0,55,2,4,67.00044593808389
JOB1362684407749,COMP4,CEO,MASTERS,MATH,WEB,22.0,71.0,217,4,3,176.04394990987726
JOB1362684407750,COMP40,JUNIOR,HIGH_SCHOOL,NONE,FINANCE,2.0,65.0,62,0,3,75.05716277401318
JOB1362684407751,COMP4,JUNIOR,NONE,NONE,FINANCE,1.0,53.0,86,0,2,70.01660823267243
JOB1362684407752,COMP33,VICE_PRESIDENT,NONE,NONE,EDUCATION,1.0,36.0,80,0,1,76.99979833926707
JOB1362684407753,COMP15,CTO,HIGH_SCHOOL,NONE,WEB,1.0,13.0,96,0,0,113.12349683817746
JOB1362684407754,COMP50,SENIOR,NONE,NONE,FINANCE,17.0,22.0,122,3,1,126.69956712055928
JOB1362684407755,COMP22,CFO,DOCTORAL,COMPSCI,FINANCE,11.0,33.0,168,2,1,165.4944391499397
JOB1362684407756,COMP41,CTO,HIGH_SCHOOL,NONE,EDUCATION,19.0,55.0,133,3,2,123.99113608779692
JOB1362684407757,COMP46,JANITOR,HIGH_SCHOOL,NONE,AUTO,23.0,17.0,118,4,0,109.04357215736185
JOB1362684407758,COMP12,JUNIOR,NONE,NONE,AUTO,21.0,61.0,105,4,3,87.41369979315063
JOB1362684407759,COMP31,CTO,HIGH_SCHOOL,NONE,HEALTH,8.0,76.0,129,1,3,112.08535053170452
JOB1362684407760,COMP25,SENIOR,DOCTORAL,LITERATURE,WEB,3.0,66.0,89,0,3,95.5823990017252
JOB1362684407761,COMP42,CFO,BACHELORS,BIOLOGY,OIL,4.0,55.0,135,0,2,130.087511673322
JOB1362684407762,COMP54,CTO,MASTERS,NONE,AUTO,17.0,99.0,94,3,4,110.71820850176765
JOB1362684407763,COMP1,JUNIOR,DOCTORAL,BIOLOGY,OIL,13.0,2.0,169,2,0,142.47681917869804
JOB1362684407764,COMP6,JUNIOR,NONE,NONE,OIL,19.0,98.0,90,3,4,76.87860227939608
JOB1362684407765,COMP40,CTO,NONE,NONE,OIL,17.0,72.0,110,3,3,130.34635703885894
JOB1362684407766,COMP57,CFO,MASTERS,CHEMISTRY,OIL,18.0,62.0,179,3,3,159.79548448920394
JOB1362684407767,COMP23,MANAGER,BACHELORS,COMPSCI,WEB,5.0,33.0,106,1,1,112.09859090823022
JOB1362684407768,COMP11,JANITOR,NONE,NONE,SERVICE,15.0,59.0,70,3,2,60.729139958833514
JOB1362684407769,COMP11,CEO,DOCTORAL,MATH,WEB,10.0,73.0,176,2,3,164.63999040933984
JOB1362684407770,COMP17,MANAGER,NONE,NONE,SERVICE,8.0,15.0,111,1,0,92.92594748542709
JOB1362684407771,COMP55,CFO,HIGH_SCHOOL,NONE,OIL,5.0,75.0,82,1,3,118.74864390470475
JOB1362684407772,COMP23,MANAGER,MASTERS,BIOLOGY,SERVICE,0.0,93.0,84,0,4,76.62531678615856
JOB1362684407773,COMP14,CEO,HIGH_SCHOOL,NONE,SERVICE,2.0,56.0,90,0,2,103.77197492707715
JOB1362684407774,COMP44,JUNIOR,DOCTORAL,CHEMISTRY,WEB,19.0,35.0,162,3,1,131.29143935293436
JOB1362684407775,COMP12,MANAGER,NONE,NONE,OIL,16.0,43.0,96,3,2,127.28167921330446
JOB1362684407776,COMP46,VICE_PRESIDENT,BACHELORS,BUSINESS,EDUCATION,4.0,40.0,107,0,2,96.22243788949197
JOB1362684407777,COMP15,CTO,DOCTORAL,NONE,EDUCATION,6.0,11.0,133,1,0,123.74465291640918
JOB1362684407778,COMP5,VICE_PRESIDENT,NONE,NONE,OIL,11.0,32.0,131,2,1,134.51180162280684
JOB1362684407779,COMP15,JUNIOR,MASTERS,CHEMISTRY,EDUCATION,16.0,87.0,96,3,4,78.99063971278886
JOB1362684407780,COMP22,MANAGER,BACHELORS,NONE,EDUCATION,6.0,12.0,112,1,0,91.39011228279868
JOB1362684407781,COMP1,JUNIOR,BACHELORS,BUSINESS,WEB,10.0,34.0,125,2,1,101.38338563764587
JOB1362684407782,COMP28,SENIOR,NONE,NONE,FINANCE,9.0,21.0,106,1,1,108.36231298546859
JOB1362684407783,COMP21,CEO,HIGH_SCHOOL,NONE,SERVICE,10.0,5.0,159,2,0,136.27584138032915
JOB1362684407784,COMP55,SENIOR,DOCTORAL,BUSINESS,OIL,7.0,6.0,144,1,0,145.0374188560316
JOB1362684407785,COMP49,CTO,BACHELORS,BUSINESS,FINANCE,23.0,52.0,205,4,2,190.3267315039551
JOB1362684407786,COMP26,SENIOR,HIGH_SCHOOL,NONE,AUTO,6.0,8.0,72,1,0,90.36465494299934
JOB1362684407787,COMP1,CTO,DOCTORAL,ENGINEERING,EDUCATION,12.0,53.0,110,2,2,134.122143293245
JOB1362684407788,COMP43,MANAGER,MASTERS,NONE,OIL,1.0,46.0,127,0,2,108.77223169289397
JOB1362684407789,COMP17,SENIOR,NONE,NONE,AUTO,12.0,29.0,99,2,1,93.35725294211537
JOB1362684407790,COMP48,VICE_PRESIDENT,NONE,NONE,FINANCE,17.0,69.0,145,3,3,125.43048359804426
JOB1362684407791,COMP57,MANAGER,BACHELORS,ENGINEERING,WEB,9.0,12.0,170,1,0,146.21559024701955
JOB1362684407792,COMP1,CEO,BACHELORS,BUSINESS,EDUCATION,16.0,48.0,180,3,2,141.57943381403044
JOB1362684407793,COMP26,CEO,DOCTORAL,MATH,SERVICE,2.0,97.0,105,0,4,116.91514071245867
JOB1362684407794,COMP57,SENIOR,MASTERS,NONE,EDUCATION,15.0,36.0,100,3,1,100.55435055096572
JOB1362684407795,COMP41,VICE_PRESIDENT,BACHELORS,BIOLOGY,FINANCE,0.0,16.0,117,0,0,121.4389898115619
JOB1362684407796,COMP46,VICE_PRESIDENT,MASTERS,MATH,FINANCE,6.0,21.0,110,1,1,143.3888541941022
JOB1362684407797,COMP51,MANAGER,DOCTORAL,COMPSCI,SERVICE,22.0,9.0,207,4,0,166.19480949511274
JOB1362684407798,COMP1,CTO,MASTERS,COMPSCI,OIL,3.0,28.0,122,0,1,142.76809203700023
JOB1362684407799,COMP22,CTO,BACHELORS,ENGINEERING,FINANCE,20.0,73.0,151,4,3,167.13986026461987
JOB1362684407800,COMP33,CTO,MASTERS,LITERATURE,FINANCE,12.0,94.0,151,2,4,130.81577164561898
JOB1362684407801,COMP14,VICE_PRESIDENT,DOCTORAL,PHYSICS,SERVICE,5.0,41.0,108,1,2,110.48970210027177
JOB1362684407802,COMP44,CFO,HIGH_SCHOOL,NONE,HEALTH,1.0,34.0,99,0,1,106.42373572201826
JOB1362684407803,COMP15,MANAGER,DOCTORAL,COMPSCI,HEALTH,18.0,74.0,121,3,3,131.30503702804785
JOB1362684407804,COMP4,CFO,MASTERS,ENGINEERING,AUTO,13.0,81.0,166,2,4,134.006856762024
JOB1362684407805,COMP57,CEO,NONE,NONE,HEALTH,19.0,34.0,121,3,1,149.10719856431118
JOB1362684407806,COMP15,JANITOR,HIGH_SCHOOL,NONE,WEB,6.0,60.0,49,1,3,59.540382428457924
JOB1362684407807,COMP48,SENIOR,DOCTORAL,MATH,EDUCATION,11.0,66.0,75,2,3,99.99030747616477
JOB1362684407808,COMP25,VICE_PRESIDENT,HIGH_SCHOOL,NONE,HEALTH,2.0,12.0,105,0,0,100.734957987044
JOB1362684407809,COMP46,JANITOR,NONE,NONE,AUTO,1.0,21.0,55,0,1,49.467998380792956
JOB1362684407810,COMP58,JANITOR,HIGH_SCHOOL,NONE,OIL,6.0,14.0,80,1,0,84.25547942449496
JOB1362684407811,COMP12,CEO,DOCTORAL,MATH,OIL,2.0,82.0,194,0,4,143.2489354210148
JOB1362684407812,COMP10,SENIOR,NONE,NONE,EDUCATION,5.0,76.0,52,1,3,56.28401794925602
JOB1362684407813,COMP58,CTO,NONE,NONE,SERVICE,15.0,95.0,121,3,4,95.23834368804869
JOB1362684407814,COMP24,CEO,DOCTORAL,LITERATURE,WEB,6.0,30.0,112,1,1,147.5823724104019
JOB1362684407815,COMP59,MANAGER,NONE,NONE,FINANCE,12.0,97.0,96,2,4,94.98104029056161
JOB1362684407816,COMP55,CTO,MASTERS,LITERATURE,WEB,18.0,80.0,154,3,4,136.9104925125047
JOB1362684407817,COMP29,CTO,DOCTORAL,ENGINEERING,AUTO,1.0,96.0,146,0,4,117.86561651828849
JOB1362684407818,COMP45,VICE_PRESIDENT,DOCTORAL,NONE,HEALTH,17.0,9.0,171,3,0,156.75118796426545
JOB1362684407819,COMP13,VICE_PRESIDENT,HIGH_SCHOOL,NONE,AUTO,3.0,69.0,91,0,3,85.44588167544535
JOB1362684407820,COMP39,MANAGER,MASTERS,LITERATURE,AUTO,16.0,29.0,104,3,1,126.40271497680907
JOB1362684407821,COMP50,CTO,DOCTORAL,CHEMISTRY,FINANCE,24.0,60.0,135,4,3,173.25878263051746
JOB1362684407822,COMP21,JUNIOR,NONE,NONE,SERVICE,24.0,89.0,68,4,4,68.65897153896543
JOB1362684407823,COMP2,CFO,HIGH_SCHOOL,NONE,FINANCE,10.0,76.0,139,2,3,126.44928556150671
JOB1362684407824,COMP55,VICE_PRESIDENT,DOCTORAL,ENGINEERING,HEALTH,5.0,28.0,122,1,1,125.97690610037196
JOB1362684407825,COMP38,VICE_PRESIDENT,HIGH_SCHOOL,NONE,WEB,0.0,10.0,125,0,0,101.80272094282037
JOB1362684407826,COMP16,MANAGER,NONE,NONE,WEB,15.0,94.0,91,3,4,90.96456591459018
JOB1362684407827,COMP40,CFO,HIGH_SCHOOL,NONE,SERVICE,18.0,50.0,135,3,2,121.83490421946928
JOB1362684407828,COMP61,SENIOR,DOCTORAL,LITERATURE,FINANCE,11.0,4.0,140,2,0,140.0975649699062
JOB1362684407829,COMP40,CEO,MASTERS,BUSINESS,FINANCE,7.0,59.0,174,1,2,172.72351823123947
JOB1362684407830,COMP26,CFO,NONE,NONE,AUTO,9.0,34.0,141,1,1,111.87315979733307
JOB1362684407831,COMP48,CEO,BACHELORS,CHEMISTRY,FINANCE,7.0,68.0,130,1,3,144.14576184419923
JOB1362684407832,COMP47,JANITOR,HIGH_SCHOOL,NONE,FINANCE,7.0,70.0,57,1,3,70.27006431727783
JOB1362684407833,COMP53,CTO,DOCTORAL,ENGINEERING,HEALTH,11.0,95.0,106,2,4,128.3044228479213
JOB1362684407834,COMP57,CFO,MASTERS,COMPSCI,WEB,7.0,83.0,127,1,4,126.90970693643922
JOB1362684407835,COMP47,VICE_PRESIDENT,BACHELORS,PHYSICS,FINANCE,6.0,49.0,162,1,2,129.51762838712278
JOB1362684407836,COMP52,JANITOR,NONE,NONE,AUTO,24.0,48.0,78,4,2,90.60999662399784
JOB1362684407837,COMP9,CTO,HIGH_SCHOOL,NONE,EDUCATION,10.0,65.0,88,2,3,104.43267075634174
JOB1362684407838,COMP45,CFO,BACHELORS,COMPSCI,OIL,16.0,21.0,158,3,1,174.3361317663836
JOB1362684407839,COMP61,CFO,BACHELORS,PHYSICS,WEB,6.0,93.0,152,1,4,123.20711380840876
JOB1362684407840,COMP47,MANAGER,DOCTORAL,CHEMISTRY,EDUCATION,18.0,49.0,144,3,2,126.84615019468329
JOB1362684407841,COMP20,CTO,BACHELORS,COMPSCI,SERVICE,24.0,15.0,155,4,0,169.09947688438666
JOB1362684407842,COMP32,JANITOR,NONE,NONE,WEB,4.0,21.0,65,0,1,63.89108310355023
JOB1362684407843,COMP14,CFO,DOCTORAL,MATH,WEB,7.0,97.0,168,1,4,140.77988456741573
JOB1362684407844,COMP50,JANITOR,HIGH_SCHOOL,NONE,HEALTH,24.0,30.0,119,4,1,105.53311005023559
JOB1362684407845,COMP36,VICE_PRESIDENT,NONE,NONE,FINANCE,10.0,80.0,94,2,4,109.0198435258215
JOB1362684407846,COMP56,VICE_PRESIDENT,NONE,NONE,AUTO,17.0,60.0,123,3,3,107.9395480403207
JOB1362684407847,COMP7,CFO,DOCTORAL,CHEMISTRY,HEALTH,8.0,6.0,171,1,0,161.23291380501624
JOB1362684407848,COMP45,JANITOR,HIGH_SCHOOL,NONE,EDUCATION,15.0,79.0,48,3,3,47.72061279935657
JOB1362684407849,COMP59,JANITOR,NONE,NONE,SERVICE,7.0,82.0,42,1,4,38.99597477383072
JOB1362684407850,COMP38,CTO,NONE,NONE,EDUCATION,12.0,70.0,107,2,3,98.64871782759282
JOB1362684407851,COMP3,SENIOR,DOCTORAL,BIOLOGY,HEALTH,17.0,66.0,140,3,3,130.30770814500423
JOB1362684407852,COMP24,JANITOR,NONE,NONE,AUTO,10.0,43.0,50,2,2,63.169817172113554
JOB1362684407853,COMP32,JUNIOR,HIGH_SCHOOL,NONE,WEB,24.0,10.0,156,4,0,138.64359530222464
JOB1362684407854,COMP39,CEO,DOCTORAL,LITERATURE,EDUCATION,11.0,3.0,178,2,0,157.7160394901591
JOB1362684407855,COMP5,VICE_PRESIDENT,HIGH_SCHOOL,NONE,OIL,19.0,63.0,128,3,3,139.67494624063144
JOB1362684407856,COMP46,VICE_PRESIDENT,NONE,NONE,WEB,23.0,88.0,106,4,4,113.1089006063808
JOB1362684407857,COMP21,JANITOR,NONE,NONE,AUTO,15.0,47.0,83,3,2,70.71823266346969
JOB1362684407858,COMP28,VICE_PRESIDENT,NONE,NONE,HEALTH,14.0,71.0,89,2,3,104.92028368695007
JOB1362684407859,COMP3,CTO,HIGH_SCHOOL,NONE,SERVICE,6.0,44.0,116,1,2,105.59827007150126
JOB1362684407860,COMP5,JANITOR,NONE,NONE,HEALTH,15.0,91.0,69,3,4,56.64849998008066
JOB1362684407861,COMP53,CTO,HIGH_SCHOOL,NONE,WEB,21.0,51.0,107,4,2,145.23413396678563
JOB1362684407862,COMP5,CFO,NONE,NONE,WEB,0.0,31.0,123,0,1,104.25379304893758
JOB1362684407863,COMP17,JUNIOR,MASTERS,CHEMISTRY,AUTO,1.0,41.0,62,0,2,76.3879012337612
JOB1362684407864,COMP62,CFO,MASTERS,BIOLOGY,EDUCATION,15.0,74.0,110,3,3,117.90772870209578
JOB1362684407865,COMP55,MANAGER,DOCTORAL,MATH,OIL,0.0,87.0,85,0,4,112.34661192987136
JOB1362684407866,COMP29,CFO,DOCTORAL,BUSINESS,AUTO,6.0,18.0,176,1,0,138.1981926009314
JOB1362684407867,COMP34,JUNIOR,DOCTORAL,ENGINEERING,EDUCATION,12.0,92.0,59,2,4,77.13344522778664
JOB1362684407868,COMP6,VICE_PRESIDENT,BACHELORS,BIOLOGY,OIL,16.0,42.0,159,3,2,150.7249631981779
JOB1362684407869,COMP13,VICE_PRESIDENT,DOCTORAL,NONE,AUTO,5.0,23.0,136,1,1,114.56842113283193
JOB1362684407870,COMP25,CTO,NONE,NONE,AUTO,17.0,39.0,156,3,1,132.2437185377644
JOB1362684407871,COMP42,CTO,NONE,NONE,WEB,5.0,92.0,117,1,4,99.3011848113955
JOB1362684407872,COMP2,CTO,NONE,NONE,OIL,4.0,67.0,93,0,3,115.69667071237231
JOB1362684407873,COMP15,JANITOR,HIGH_SCHOOL,NONE,OIL,2.0,49.0,59,0,2,65.1458286224467
JOB1362684407874,COMP51,CEO,DOCTORAL,CHEMISTRY,AUTO,16.0,47.0,154,3,2,161.28539402370131
JOB1362684407875,COMP30,CEO,DOCTORAL,COMPSCI,HEALTH,19.0,70.0,136,3,3,161.38097688644737
JOB1362684407876,COMP36,CTO,NONE,NONE,EDUCATION,13.0,71.0,80,2,3,98.75913623518981
JOB1362684407877,COMP3,VICE_PRESIDENT,MASTERS,ENGINEERING,WEB,13.0,42.0,131,2,2,161.26579615535488
JOB1362684407878,COMP41,CEO,NONE,NONE,FINANCE,1.0,99.0,93,0,4,109.81552845248173
JOB1362684407879,COMP16,MANAGER,BACHELORS,NONE,OIL,4.0,96.0,102,0,4,96.84336176077686
JOB1362684407880,COMP38,SENIOR,DOCTORAL,COMPSCI,WEB,20.0,74.0,121,4,3,126.93033921859916
JOB1362684407881,COMP47,SENIOR,HIGH_SCHOOL,NONE,OIL,18.0,69.0,122,3,3,109.08498687773204
JOB1362684407882,COMP55,JANITOR,HIGH_SCHOOL,NONE,WEB,10.0,84.0,67,2,4,59.095849669597726
JOB1362684407883,COMP28,SENIOR,BACHELORS,LITERATURE,FINANCE,23.0,39.0,119,4,1,145.13806509651783
JOB1362684407884,COMP19,JUNIOR,NONE,NONE,AUTO,18.0,47.0,93,3,2,90.80861390807324
JOB1362684407885,COMP41,VICE_PRESIDENT,NONE,NONE,OIL,13.0,23.0,138,2,1,144.23244090996542
JOB1362684407886,COMP33,CEO,BACHELORS,NONE,EDUCATION,11.0,74.0,135,2,3,112.92655788211124
JOB1362684407887,COMP25,SENIOR,MASTERS,COMPSCI,HEALTH,16.0,24.0,126,3,1,136.8867031699257
JOB1362684407888,COMP50,SENIOR,MASTERS,CHEMISTRY,FINANCE,13.0,25.0,107,2,1,135.8811779708244
JOB1362684407889,COMP37,JUNIOR,BACHELORS,NONE,AUTO,16.0,16.0,134,3,0,108.7641269662774
JOB1362684407890,COMP41,CEO,MASTERS,ENGINEERING,AUTO,7.0,36.0,146,1,1,150.41558907812384
JOB1362684407891,COMP57,MANAGER,DOCTORAL,NONE,SERVICE,11.0,60.0,126,2,3,102.93127960332872
JOB1362684407892,COMP27,MANAGER,NONE,NONE,WEB,10.0,88.0,97,2,4,88.56343316164306
JOB1362684407893,COMP50,CFO,NONE,NONE,FINANCE,21.0,11.0,206,4,0,175.29666299805666
JOB1362684407894,COMP38,JUNIOR,DOCTORAL,NONE,AUTO,5.0,79.0,78,1,3,69.58833323762484
JOB1362684407895,COMP55,CTO,BACHELORS,NONE,HEALTH,5.0,86.0,110,1,4,105.84833364524087
JOB1362684407896,COMP24,CTO,MASTERS,LITERATURE,EDUCATION,20.0,30.0,168,4,1,153.9847115318241
JOB1362684407897,COMP43,CFO,BACHELORS,LITERATURE,EDUCATION,22.0,92.0,160,4,4,116.28708947711233
JOB1362684407898,COMP39,JUNIOR,DOCTORAL,ENGINEERING,HEALTH,9.0,66.0,86,1,3,95.64814760770834
JOB1362684407899,COMP19,JUNIOR,NONE,NONE,WEB,3.0,46.0,78,0,2,68.48798642336897
JOB1362684407900,COMP52,CTO,MASTERS,ENGINEERING,FINANCE,8.0,14.0,195,1,0,167.05094816510183
JOB1362684407901,COMP13,CEO,BACHELORS,ENGINEERING,EDUCATION,10.0,0.0,146,2,0,146.40530263492053
JOB1362684407902,COMP5,MANAGER,NONE,NONE,EDUCATION,6.0,98.0,55,1,4,59.81839600074743
JOB1362684407903,COMP36,JANITOR,NONE,NONE,OIL,16.0,87.0,72,3,4,72.62626711652905
JOB1362684407904,COMP9,JANITOR,NONE,NONE,FINANCE,14.0,0.0,100,2,0,108.28779638856862
JOB1362684407905,COMP61,JUNIOR,DOCTORAL,CHEMISTRY,OIL,13.0,49.0,127,2,2,121.58724230164486
JOB1362684407906,COMP53,JANITOR,NONE,NONE,WEB,6.0,39.0,76,1,1,66.1578107421819
JOB1362684407907,COMP45,JANITOR,NONE,NONE,OIL,24.0,68.0,115,4,3,99.79652763721585
JOB1362684407908,COMP44,MANAGER,NONE,NONE,OIL,8.0,39.0,131,1,1,112.53337218425561
JOB1362684407909,COMP1,VICE_PRESIDENT,MASTERS,NONE,FINANCE,16.0,74.0,163,3,3,136.40562754915288
JOB1362684407910,COMP36,MANAGER,MASTERS,BUSINESS,AUTO,24.0,25.0,202,4,1,157.0301549232402
JOB1362684407911,COMP61,SENIOR,MASTERS,COMPSCI,FINANCE,14.0,38.0,165,2,1,132.11838058095947
JOB1362684407912,COMP22,CTO,HIGH_SCHOOL,NONE,FINANCE,17.0,52.0,108,3,2,146.1093691282013
JOB1362684407913,COMP27,CEO,MASTERS,LITERATURE,WEB,12.0,17.0,146,2,0,162.52668489824714
JOB1362684407914,COMP5,JUNIOR,NONE,NONE,HEALTH,16.0,53.0,63,3,2,85.7123329836714
JOB1362684407915,COMP40,SENIOR,BACHELORS,MATH,OIL,15.0,63.0,144,3,3,120.43226501863498
JOB1362684407916,COMP37,SENIOR,NONE,NONE,WEB,8.0,87.0,80,1,4,74.28466852842828
JOB1362684407917,COMP58,JANITOR,NONE,NONE,FINANCE,24.0,96.0,72,4,4,77.34842397383419
JOB1362684407918,COMP55,CTO,DOCTORAL,MATH,WEB,0.0,19.0,170,0,0,145.60954837879868
JOB1362684407919,COMP50,JUNIOR,MASTERS,MATH,WEB,15.0,96.0,105,3,4,107.03355094712339
JOB1362684407920,COMP15,CTO,MASTERS,CHEMISTRY,OIL,6.0,56.0,153,1,2,139.93568817790876
JOB1362684407921,COMP27,SENIOR,DOCTORAL,LITERATURE,WEB,15.0,47.0,158,3,2,120.9168479616109
JOB1362684407922,COMP22,JANITOR,HIGH_SCHOOL,NONE,HEALTH,12.0,56.0,74,2,2,69.01014606889224
JOB1362684407923,COMP27,JUNIOR,HIGH_SCHOOL,NONE,OIL,22.0,44.0,132,4,2,121.22230624923336
JOB1362684407924,COMP0,CFO,MASTERS,MATH,EDUCATION,20.0,20.0,180,4,1,162.5905001172813
JOB1362684407925,COMP6,CFO,BACHELORS,MATH,FINANCE,18.0,16.0,153,3,0,183.7024393728627
JOB1362684407926,COMP40,JUNIOR,DOCTORAL,MATH,SERVICE,17.0,84.0,89,3,4,88.99391898511985
JOB1362684407927,COMP46,CFO,BACHELORS,ENGINEERING,SERVICE,10.0,52.0,161,2,2,123.34275655071215
JOB1362684407928,COMP58,MANAGER,MASTERS,CHEMISTRY,OIL,17.0,38.0,160,3,1,145.85000714788418
JOB1362684407929,COMP40,MANAGER,NONE,NONE,EDUCATION,14.0,99.0,88,2,4,69.23778594160304
JOB1362684407930,COMP3,CTO,MASTERS,BUSINESS,HEALTH,0.0,5.0,108,0,0,125.23011014979362
JOB1362684407931,COMP1,SENIOR,BACHELORS,MATH,SERVICE,6.0,49.0,73,1,2,87.89920790257273
JOB1362684407932,COMP33,VICE_PRESIDENT,DOCTORAL,PHYSICS,HEALTH,2.0,32.0,100,0,1,117.87535395168422
JOB1362684407933,COMP15,SENIOR,MASTERS,PHYSICS,SERVICE,19.0,18.0,120,3,0,132.08835805388335
JOB1362684407934,COMP55,CTO,NONE,NONE,SERVICE,16.0,57.0,108,3,2,114.90952056616679
JOB1362684407935,COMP20,CEO,NONE,NONE,EDUCATION,9.0,11.0,156,1,0,123.35442837720814
JOB1362684407936,COMP52,VICE_PRESIDENT,DOCTORAL,COMPSCI,OIL,16.0,37.0,152,3,1,168.8711984759855
JOB1362684407937,COMP35,JANITOR,NONE,NONE,OIL,10.0,82.0,89,2,4,69.05010709308665
JOB1362684407938,COMP44,CEO,MASTERS,LITERATURE,WEB,16.0,21.0,187,3,1,170.43943672883282
JOB1362684407939,COMP13,JANITOR,NONE,NONE,OIL,5.0,68.0,50,1,3,66.52806208084847
JOB1362684407940,COMP48,MANAGER,HIGH_SCHOOL,NONE,HEALTH,8.0,72.0,104,1,3,91.74689414224923
JOB1362684407941,COMP53,JUNIOR,BACHELORS,NONE,WEB,12.0,18.0,129,2,0,107.01239265672719
JOB1362684407942,COMP16,VICE_PRESIDENT,MASTERS,PHYSICS,FINANCE,19.0,47.0,122,3,2,159.97589054476214
JOB1362684407943,COMP41,CTO,NONE,NONE,SERVICE,3.0,70.0,92,0,3,86.51433192753883
JOB1362684407944,COMP18,VICE_PRESIDENT,DOCTORAL,LITERATURE,FINANCE,14.0,6.0,152,2,0,166.6344592566196
JOB1362684407945,COMP2,SENIOR,BACHELORS,LITERATURE,WEB,19.0,64.0,119,3,3,113.19552122848073
JOB1362684407946,COMP25,MANAGER,BACHELORS,LITERATURE,AUTO,3.0,80.0,100,0,4,82.99906931606546
JOB1362684407947,COMP33,CEO,BACHELORS,BIOLOGY,EDUCATION,18.0,79.0,112,3,3,124.9116902634778
JOB1362684407948,COMP43,VICE_PRESIDENT,NONE,NONE,EDUCATION,13.0,1.0,95,2,0,117.66823754370266
JOB1362684407949,COMP51,MANAGER,MASTERS,LITERATURE,AUTO,0.0,84.0,88,0,4,81.97725898232389
JOB1362684407950,COMP6,CTO,HIGH_SCHOOL,NONE,WEB,4.0,61.0,123,0,3,111.1659968890203
JOB1362684407951,COMP18,CTO,NONE,NONE,WEB,13.0,62.0,136,2,3,120.3593578349441
JOB1362684407952,COMP25,CFO,HIGH_SCHOOL,NONE,FINANCE,20.0,62.0,131,4,3,152.2111007616679
JOB1362684407953,COMP30,CEO,MASTERS,BIOLOGY,OIL,23.0,60.0,223,4,3,178.52655335177806
JOB1362684407954,COMP22,JANITOR,HIGH_SCHOOL,NONE,AUTO,1.0,0.0,51,0,0,52.35494570089669
JOB1362684407955,COMP38,JANITOR,HIGH_SCHOOL,NONE,FINANCE,3.0,98.0,55,0,4,54.73173845448081
JOB1362684407956,COMP24,VICE_PRESIDENT,HIGH_SCHOOL,NONE,WEB,11.0,13.0,132,2,0,130.90756255735442
JOB1362684407957,COMP59,SENIOR,MASTERS,NONE,SERVICE,9.0,62.0,77,1,3,85.2930255568851
JOB1362684407958,COMP7,SENIOR,MASTERS,CHEMISTRY,WEB,18.0,59.0,103,3,2,124.05388862976744
JOB1362684407959,COMP29,VICE_PRESIDENT,BACHELORS,ENGINEERING,OIL,4.0,13.0,153,0,0,153.9703205102536
JOB1362684407960,COMP40,CEO,BACHELORS,LITERATURE,HEALTH,13.0,23.0,165,2,1,153.29608920079184
JOB1362684407961,COMP49,CFO,NONE,NONE,OIL,22.0,41.0,144,4,2,159.4312221599999
JOB1362684407962,COMP35,SENIOR,DOCTORAL,BUSINESS,WEB,20.0,10.0,139,4,0,159.76598369079034
JOB1362684407963,COMP45,VICE_PRESIDENT,HIGH_SCHOOL,NONE,WEB,14.0,36.0,145,2,1,132.25527744289468
JOB1362684407964,COMP56,CTO,DOCTORAL,MATH,HEALTH,21.0,78.0,155,4,3,148.3597849182174
JOB1362684407965,COMP30,JUNIOR,DOCTORAL,MATH,EDUCATION,24.0,46.0,146,4,2,123.23797500183052
JOB1362684407966,COMP30,JUNIOR,BACHELORS,NONE,SERVICE,5.0,5.0,80,1,0,73.9060179783281
JOB1362684407967,COMP43,CEO,MASTERS,CHEMISTRY,EDUCATION,1.0,46.0,150,0,2,116.53488881632963
JOB1362684407968,COMP37,JANITOR,HIGH_SCHOOL,NONE,EDUCATION,8.0,61.0,45,1,3,40.17279268792445
JOB1362684407969,COMP20,JUNIOR,NONE,NONE,WEB,11.0,1.0,84,2,0,99.02720518248711
JOB1362684407970,COMP42,CFO,MASTERS,NONE,EDUCATION,21.0,87.0,105,4,4,118.35569916306561
JOB1362684407971,COMP24,JANITOR,HIGH_SCHOOL,NONE,SERVICE,2.0,17.0,52,0,0,47.911996490741046
JOB1362684407972,COMP28,SENIOR,MASTERS,BUSINESS,EDUCATION,10.0,13.0,94,2,0,109.01172162492901
JOB1362684407973,COMP21,CEO,DOCTORAL,COMPSCI,WEB,20.0,1.0,194,4,0,198.76072387131106
JOB1362684407974,COMP39,CFO,BACHELORS,PHYSICS,AUTO,23.0,27.0,137,4,1,164.64663234275216
JOB1362684407975,COMP46,MANAGER,HIGH_SCHOOL,NONE,EDUCATION,24.0,62.0,119,4,3,108.39860075215077
JOB1362684407976,COMP16,MANAGER,BACHELORS,LITERATURE,FINANCE,7.0,75.0,118,1,3,106.12225979403348
JOB1362684407977,COMP3,JANITOR,NONE,NONE,SERVICE,24.0,54.0,76,4,2,81.5886310769629
JOB1362684407978,COMP24,CTO,DOCTORAL,LITERATURE,AUTO,17.0,29.0,137,3,1,152.6178733898583
JOB1362684407979,COMP3,CTO,BACHELORS,CHEMISTRY,OIL,8.0,64.0,129,1,3,137.11769099366933
JOB1362684407980,COMP0,CFO,DOCTORAL,LITERATURE,EDUCATION,8.0,83.0,101,1,4,114.72545661482931
JOB1362684407981,COMP37,CEO,DOCTORAL,CHEMISTRY,AUTO,11.0,60.0,135,2,3,143.9597993802299
JOB1362684407982,COMP61,CTO,NONE,NONE,WEB,18.0,78.0,161,3,3,123.18513815680227
JOB1362684407983,COMP4,MANAGER,BACHELORS,NONE,AUTO,23.0,26.0,156,4,1,138.45486692748995
JOB1362684407984,COMP56,CTO,BACHELORS,ENGINEERING,FINANCE,8.0,87.0,136,1,4,141.13230889716394
JOB1362684407985,COMP49,MANAGER,BACHELORS,PHYSICS,FINANCE,13.0,14.0,143,2,0,146.8652719934696
JOB1362684407986,COMP1,SENIOR,MASTERS,ENGINEERING,AUTO,11.0,82.0,108,2,4,100.01689891379375
JOB1362684407987,COMP30,JUNIOR,HIGH_SCHOOL,NONE,FINANCE,15.0,83.0,83,3,4,86.62353284325665
JOB1362684407988,COMP51,JANITOR,HIGH_SCHOOL,NONE,HEALTH,2.0,61.0,34,0,3,47.830853936151065
JOB1362684407989,COMP1,JANITOR,NONE,NONE,HEALTH,8.0,38.0,73,1,1,64.37105514620075
JOB1362684407990,COMP31,MANAGER,MASTERS,NONE,OIL,24.0,12.0,172,4,0,170.88912256617988
JOB1362684407991,COMP41,SENIOR,NONE,NONE,WEB,20.0,40.0,112,4,2,116.49552958122325
JOB1362684407992,COMP2,VICE_PRESIDENT,HIGH_SCHOOL,NONE,EDUCATION,18.0,70.0,104,3,3,101.94510802853601
JOB1362684407993,COMP27,JUNIOR,HIGH_SCHOOL,NONE,HEALTH,15.0,77.0,88,3,3,75.43532516204188
JOB1362684407994,COMP60,CTO,HIGH_SCHOOL,NONE,HEALTH,16.0,17.0,124,3,0,150.58241835337742
JOB1362684407995,COMP8,JUNIOR,MASTERS,ENGINEERING,WEB,7.0,96.0,92,1,4,101.63801846686424
JOB1362684407996,COMP23,VICE_PRESIDENT,MASTERS,NONE,AUTO,23.0,72.0,109,4,3,128.48316324051504
JOB1362684407997,COMP0,SENIOR,BACHELORS,CHEMISTRY,EDUCATION,17.0,97.0,86,3,4,80.15870373861311
JOB1362684407998,COMP41,JANITOR,NONE,NONE,OIL,15.0,79.0,77,3,3,73.24034264919977
JOB1362684407999,COMP48,JUNIOR,HIGH_SCHOOL,NONE,AUTO,21.0,19.0,107,4,0,117.76950525047803
JOB1362684408000,COMP38,SENIOR,MASTERS,BUSINESS,FINANCE,20.0,73.0,160,4,3,144.51911042208243
JOB1362684408001,COMP10,VICE_PRESIDENT,MASTERS,BIOLOGY,OIL,17.0,15.0,187,3,0,166.9214117298935
JOB1362684408002,COMP54,SENIOR,BACHELORS,MATH,WEB,14.0,41.0,135,2,2,134.75841140683448
JOB1362684408003,COMP10,JANITOR,NONE,NONE,AUTO,18.0,1.0,96,3,0,103.77990152805918
JOB1362684408004,COMP50,CEO,MASTERS,PHYSICS,SERVICE,17.0,42.0,124,3,2,152.6264341827722
JOB1362684408005,COMP61,SENIOR,HIGH_SCHOOL,NONE,SERVICE,19.0,50.0,78,3,2,99.74996054555093
JOB1362684408006,COMP15,MANAGER,MASTERS,BIOLOGY,AUTO,6.0,81.0,78,1,4,90.97577080499124
JOB1362684408007,COMP35,VICE_PRESIDENT,BACHELORS,COMPSCI,WEB,15.0,39.0,163,3,1,142.15462395384884
JOB1362684408008,COMP14,CTO,HIGH_SCHOOL,NONE,OIL,24.0,32.0,190,4,1,171.51169022096107
JOB1362684408009,COMP12,MANAGER,MASTERS,LITERATURE,AUTO,24.0,39.0,119,4,1,142.00438255981004
JOB1362684408010,COMP26,JUNIOR,MASTERS,ENGINEERING,OIL,17.0,39.0,123,3,1,146.737988886472
JOB1362684408011,COMP34,CTO,NONE,NONE,FINANCE,18.0,90.0,150,3,4,121.68026349152201
JOB1362684408012,COMP44,CFO,DOCTORAL,MATH,AUTO,4.0,43.0,98,0,2,127.24545423472908
JOB1362684408013,COMP26,CFO,NONE,NONE,EDUCATION,22.0,22.0,136,4,1,145.190264522581
JOB1362684408014,COMP36,JUNIOR,DOCTORAL,PHYSICS,EDUCATION,7.0,14.0,101,1,0,93.79770792602315
JOB1362684408015,COMP59,CFO,BACHELORS,BIOLOGY,SERVICE,17.0,9.0,159,3,0,151.47492977306848
JOB1362684408016,COMP22,JUNIOR,BACHELORS,CHEMISTRY,EDUCATION,9.0,54.0,72,1,2,70.8800086569972
JOB1362684408017,COMP35,VICE_PRESIDENT,BACHELORS,CHEMISTRY,FINANCE,8.0,70.0,90,1,3,128.43472883499527
JOB1362684408018,COMP21,MANAGER,MASTERS,MATH,EDUCATION,0.0,2.0,95,0,0,95.96092279901525
JOB1362684408019,COMP61,JUNIOR,MASTERS,BIOLOGY,EDUCATION,17.0,51.0,110,3,2,95.55205521858434
JOB1362684408020,COMP44,CFO,NONE,NONE,HEALTH,5.0,56.0,90,1,2,103.9777579056995
JOB1362684408021,COMP61,JANITOR,HIGH_SCHOOL,NONE,EDUCATION,13.0,33.0,48,2,1,62.56701314556427
JOB1362684408022,COMP24,JUNIOR,BACHELORS,COMPSCI,SERVICE,20.0,59.0,79,4,2,95.32040677244942
JOB1362684408023,COMP10,SENIOR,BACHELORS,PHYSICS,HEALTH,7.0,78.0,90,1,3,88.99657513129236
JOB1362684408024,COMP43,CTO,NONE,NONE,OIL,20.0,47.0,166,4,2,149.02132694704497
JOB1362684408025,COMP46,MANAGER,BACHELORS,BIOLOGY,OIL,19.0,37.0,115,3,1,147.07043983585496
JOB1362684408026,COMP0,JANITOR,HIGH_SCHOOL,NONE,WEB,21.0,1.0,163,4,0,120.50673474829155
JOB1362684408027,COMP33,SENIOR,HIGH_SCHOOL,NONE,FINANCE,14.0,3.0,158,2,0,133.40200566193963
JOB1362684408028,COMP58,CTO,BACHELORS,BUSINESS,OIL,20.0,20.0,195,4,1,190.0268357347663
JOB1362684408029,COMP27,MANAGER,BACHELORS,BIOLOGY,HEALTH,5.0,96.0,77,1,4,98.75437230062401
JOB1362684408030,COMP1,CFO,MASTERS,ENGINEERING,OIL,1.0,98.0,183,0,4,141.621132914297
JOB1362684408031,COMP10,JANITOR,NONE,NONE,WEB,12.0,87.0,50,2,4,59.85342845724291
JOB1362684408032,COMP56,CEO,DOCTORAL,BIOLOGY,AUTO,20.0,5.0,162,4,0,185.346687060883
JOB1362684408033,COMP43,VICE_PRESIDENT,NONE,NONE,WEB,1.0,96.0,98,0,4,85.00292057740657
JOB1362684408034,COMP40,VICE_PRESIDENT,DOCTORAL,BUSINESS,OIL,2.0,93.0,118,0,4,132.24345278655593
JOB1362684408035,COMP0,JUNIOR,MASTERS,BIOLOGY,SERVICE,1.0,14.0,58,0,0,75.11510425939056
JOB1362684408036,COMP27,CTO,MASTERS,BUSINESS,WEB,9.0,3.0,149,1,0,154.01837023804228
JOB1362684408037,COMP60,CTO,NONE,NONE,SERVICE,10.0,64.0,132,2,3,102.36653311406307
JOB1362684408038,COMP42,CTO,HIGH_SCHOOL,NONE,OIL,8.0,34.0,153,1,1,136.5246859623651
JOB1362684408039,COMP51,MANAGER,NONE,NONE,WEB,17.0,64.0,115,3,3,105.87220501517363
JOB1362684408040,COMP33,VICE_PRESIDENT,BACHELORS,LITERATURE,HEALTH,9.0,13.0,134,1,0,127.93811587130094
JOB1362684408041,COMP7,JUNIOR,NONE,NONE,AUTO,0.0,67.0,55,0,3,49.71761478271626
JOB1362684408042,COMP27,JANITOR,NONE,NONE,AUTO,15.0,3.0,70,3,0,92.38206650144055
JOB1362684408043,COMP34,VICE_PRESIDENT,DOCTORAL,ENGINEERING,SERVICE,6.0,71.0,134,1,3,108.71020705298845
JOB1362684408044,COMP4,CFO,HIGH_SCHOOL,NONE,FINANCE,11.0,16.0,164,2,0,149.5834637593041
JOB1362684408045,COMP18,VICE_PRESIDENT,MASTERS,LITERATURE,SERVICE,21.0,94.0,90,4,4,107.87231454512754
JOB1362684408046,COMP59,CFO,DOCTORAL,ENGINEERING,HEALTH,9.0,86.0,166,1,4,127.4441008450285
JOB1362684408047,COMP0,CTO,BACHELORS,NONE,WEB,21.0,63.0,144,4,3,147.4390038150121
JOB1362684408048,COMP2,CEO,MASTERS,CHEMISTRY,FINANCE,10.0,8.0,152,2,0,172.2485814891054
JOB1362684408049,COMP38,CTO,MASTERS,NONE,HEALTH,24.0,3.0,223,4,0,182.1900170560665
JOB1362684408050,COMP49,VICE_PRESIDENT,HIGH_SCHOOL,NONE,HEALTH,14.0,97.0,113,2,4,99.43669838801917
JOB1362684408051,COMP4,CEO,NONE,NONE,FINANCE,21.0,8.0,170,4,0,185.19761344796777
JOB1362684408052,COMP43,JUNIOR,BACHELORS,ENGINEERING,FINANCE,24.0,91.0,94,4,4,121.92165402163532
JOB1362684408053,COMP32,MANAGER,BACHELORS,ENGINEERING,SERVICE,18.0,9.0,127,3,0,144.54406216260372
JOB1362684408054,COMP2,CTO,BACHELORS,COMPSCI,EDUCATION,14.0,67.0,105,2,3,117.5112780003786
JOB1362684408055,COMP27,MANAGER,HIGH_SCHOOL,NONE,EDUCATION,2.0,96.0,62,0,4,60.80401933568846
JOB1362684408056,COMP55,JUNIOR,NONE,NONE,OIL,23.0,91.0,104,4,4,88.16084019280372
JOB1362684408057,COMP20,MANAGER,NONE,NONE,FINANCE,24.0,71.0,88,4,3,121.69881331565696
JOB1362684408058,COMP13,CEO,MASTERS,BIOLOGY,AUTO,6.0,27.0,109,1,1,137.03519634336806
JOB1362684408059,COMP43,SENIOR,HIGH_SCHOOL,NONE,SERVICE,0.0,97.0,51,0,4,56.84606141969036
JOB1362684408060,COMP21,VICE_PRESIDENT,DOCTORAL,ENGINEERING,OIL,9.0,18.0,156,1,0,178.58466479288973
JOB1362684408061,COMP23,JUNIOR,MASTERS,PHYSICS,AUTO,4.0,88.0,91,0,4,72.37404589861843
JOB1362684408062,COMP11,JUNIOR,NONE,NONE,AUTO,22.0,43.0,111,4,2,98.84229173607582
JOB1362684408063,COMP40,JUNIOR,HIGH_SCHOOL,NONE,WEB,18.0,17.0,113,3,0,120.16420889130616
JOB1362684408064,COMP18,VICE_PRESIDENT,DOCTORAL,BIOLOGY,HEALTH,15.0,99.0,130,3,4,129.85880462717662
JOB1362684408065,COMP36,VICE_PRESIDENT,NONE,NONE,AUTO,2.0,25.0,93,0,1,90.73353255604962
JOB1362684408066,COMP61,VICE_PRESIDENT,BACHELORS,NONE,OIL,22.0,47.0,168,4,2,155.87181884937655
JOB1362684408067,COMP1,VICE_PRESIDENT,BACHELORS,MATH,EDUCATION,1.0,16.0,79,0,0,95.37131825749047
JOB1362684408068,COMP55,VICE_PRESIDENT,HIGH_SCHOOL,NONE,FINANCE,19.0,32.0,146,3,1,155.7061121354044
JOB1362684408069,COMP48,VICE_PRESIDENT,MASTERS,MATH,OIL,8.0,31.0,122,1,1,142.0381736417686
JOB1362684408070,COMP31,CFO,MASTERS,BIOLOGY,FINANCE,7.0,49.0,114,1,2,140.3009291046321
JOB1362684408071,COMP7,SENIOR,NONE,NONE,OIL,2.0,22.0,105,0,1,89.34286368416895
JOB1362684408072,COMP52,MANAGER,NONE,NONE,FINANCE,15.0,87.0,104,3,4,104.17753208573748
JOB1362684408073,COMP3,JUNIOR,BACHELORS,MATH,AUTO,11.0,32.0,102,2,1,95.32902353860653
JOB1362684408074,COMP16,JUNIOR,DOCTORAL,ENGINEERING,AUTO,2.0,38.0,92,0,1,93.33316654899468
JOB1362684408075,COMP36,SENIOR,NONE,NONE,EDUCATION,20.0,97.0,63,4,4,68.70797180700548
JOB1362684408076,COMP16,CTO,HIGH_SCHOOL,NONE,SERVICE,22.0,26.0,121,4,1,150.05207333946842
JOB1362684408077,COMP49,CFO,MASTERS,MATH,EDUCATION,22.0,21.0,122,4,1,169.35006122005768
JOB1362684408078,COMP4,CFO,HIGH_SCHOOL,NONE,EDUCATION,8.0,0.0,131,1,0,118.45695632203982
JOB1362684408079,COMP7,JUNIOR,DOCTORAL,ENGINEERING,HEALTH,22.0,22.0,151,4,1,144.49033165202243
JOB1362684408080,COMP8,JUNIOR,MASTERS,COMPSCI,WEB,20.0,45.0,158,4,2,127.14966397135657
JOB1362684408081,COMP9,JUNIOR,NONE,NONE,EDUCATION,11.0,34.0,63,2,1,66.03031637294043
JOB1362684408082,COMP55,MANAGER,NONE,NONE,FINANCE,12.0,79.0,123,2,3,103.26200791657506
JOB1362684408083,COMP41,MANAGER,NONE,NONE,OIL,10.0,49.0,93,2,2,115.85931691569435
JOB1362684408084,COMP23,JUNIOR,DOCTORAL,NONE,OIL,8.0,67.0,76,1,3,100.19680611236295
JOB1362684408085,COMP57,SENIOR,HIGH_SCHOOL,NONE,WEB,0.0,58.0,77,0,2,76.27072853229814
JOB1362684408086,COMP27,MANAGER,NONE,NONE,FINANCE,9.0,42.0,91,1,2,110.51110866542216
JOB1362684408087,COMP53,CEO,NONE,NONE,AUTO,17.0,34.0,157,3,1,138.37483597764222
JOB1362684408088,COMP9,SENIOR,DOCTORAL,BUSINESS,WEB,10.0,4.0,152,2,0,134.49200241202902
JOB1362684408089,COMP48,JANITOR,HIGH_SCHOOL,NONE,OIL,3.0,91.0,69,0,4,55.984441947990305
JOB1362684408090,COMP34,MANAGER,NONE,NONE,OIL,15.0,32.0,133,3,1,132.33478788597935
JOB1362684408091,COMP46,CTO,MASTERS,MATH,HEALTH,15.0,98.0,117,3,4,126.4486593320057
JOB1362684408092,COMP32,SENIOR,MASTERS,BIOLOGY,HEALTH,23.0,29.0,147,4,1,157.12011681878678
JOB1362684408093,COMP6,CFO,DOCTORAL,BUSINESS,FINANCE,2.0,63.0,122,0,3,156.92609208722158
JOB1362684408094,COMP2,CEO,NONE,NONE,HEALTH,21.0,49.0,116,4,2,143.64856817620276
JOB1362684408095,COMP1,JUNIOR,BACHELORS,BUSINESS,WEB,6.0,3.0,119,1,0,107.44420040926823
JOB1362684408096,COMP21,VICE_PRESIDENT,DOCTORAL,ENGINEERING,OIL,17.0,99.0,165,3,4,157.41490888856168
JOB1362684408097,COMP36,MANAGER,MASTERS,LITERATURE,AUTO,1.0,11.0,74,0,0,96.24822863373933
JOB1362684408098,COMP21,JUNIOR,BACHELORS,MATH,FINANCE,15.0,97.0,113,3,4,97.1207090668826
JOB1362684408099,COMP43,CTO,DOCTORAL,CHEMISTRY,WEB,2.0,23.0,161,0,1,133.4197170257129
JOB1362684408100,COMP10,CEO,NONE,NONE,AUTO,8.0,64.0,126,1,3,109.15815638297185
JOB1362684408101,COMP14,JUNIOR,HIGH_SCHOOL,NONE,AUTO,18.0,34.0,115,3,1,98.28032268929266
JOB1362684408102,COMP31,VICE_PRESIDENT,HIGH_SCHOOL,NONE,EDUCATION,22.0,70.0,108,4,3,111.35571102598676
JOB1362684408103,COMP36,VICE_PRESIDENT,HIGH_SCHOOL,NONE,FINANCE,13.0,76.0,151,2,3,119.95892889437637
JOB1362684408104,COMP4,CTO,MASTERS,LITERATURE,AUTO,13.0,57.0,161,2,2,129.93698783807545
JOB1362684408105,COMP50,JUNIOR,BACHELORS,MATH,WEB,7.0,13.0,119,1,0,116.5827068074838
JOB1362684408106,COMP61,JANITOR,HIGH_SCHOOL,NONE,SERVICE,16.0,55.0,71,3,2,65.95231768193293
JOB1362684408107,COMP17,JUNIOR,MASTERS,ENGINEERING,OIL,24.0,83.0,146,4,4,140.20342184247346
JOB1362684408108,COMP39,JUNIOR,NONE,NONE,WEB,10.0,97.0,64,2,4,64.67107924232204
JOB1362684408109,COMP61,JUNIOR,NONE,NONE,EDUCATION,20.0,78.0,58,4,3,65.106993203931
JOB1362684408110,COMP54,CTO,MASTERS,PHYSICS,OIL,17.0,93.0,167,3,4,141.35086470405577
JOB1362684408111,COMP1,CTO,HIGH_SCHOOL,NONE,HEALTH,3.0,77.0,124,0,3,102.60320193748002
JOB1362684408112,COMP24,VICE_PRESIDENT,MASTERS,NONE,FINANCE,1.0,25.0,95,0,1,120.0494201920387
JOB1362684408113,COMP28,VICE_PRESIDENT,HIGH_SCHOOL,NONE,OIL,10.0,55.0,100,2,2,125.0626995584462
JOB1362684408114,COMP11,JANITOR,NONE,NONE,HEALTH,16.0,89.0,46,3,4,59.21088737176451
JOB1362684408115,COMP21,CTO,MASTERS,CHEMISTRY,WEB,22.0,74.0,117,4,3,152.18435502031895
JOB1362684408116,COMP60,CFO,NONE,NONE,EDUCATION,22.0,96.0,102,4,4,100.96970447802099
JOB1362684408117,COMP47,VICE_PRESIDENT,DOCTORAL,NONE,FINANCE,23.0,52.0,184,4,2,163.25468658549389
JOB1362684408118,COMP42,JANITOR,HIGH_SCHOOL,NONE,AUTO,22.0,27.0,111,4,1,98.03930408626027
JOB1362684408119,COMP58,MANAGER,BACHELORS,CHEMISTRY,AUTO,19.0,68.0,95,3,3,114.21534401665686
JOB1362684408120,COMP22,MANAGER,NONE,NONE,WEB,21.0,91.0,92,4,4,98.05465429032435
JOB1362684408121,COMP20,JANITOR,HIGH_SCHOOL,NONE,AUTO,15.0,74.0,70,3,3,60.28572759235958
JOB1362684408122,COMP18,MANAGER,HIGH_SCHOOL,NONE,FINANCE,24.0,3.0,156,4,0,169.98268603702144
JOB1362684408123,COMP61,JUNIOR,NONE,NONE,FINANCE,18.0,11.0,161,3,0,129.0873013572322
JOB1362684408124,COMP54,VICE_PRESIDENT,DOCTORAL,COMPSCI,EDUCATION,3.0,4.0,125,0,0,111.54600369642125
JOB1362684408125,COMP21,CFO,BACHELORS,CHEMISTRY,AUTO,11.0,41.0,98,2,2,131.91355538472604
JOB1362684408126,COMP5,VICE_PRESIDENT,BACHELORS,LITERATURE,SERVICE,24.0,56.0,135,4,2,131.27011890119172
JOB1362684408127,COMP56,SENIOR,NONE,NONE,HEALTH,8.0,25.0,106,1,1,88.84916772177503
JOB1362684408128,COMP47,MANAGER,HIGH_SCHOOL,NONE,EDUCATION,7.0,48.0,85,1,2,80.52821183153173
JOB1362684408129,COMP34,CFO,BACHELORS,NONE,EDUCATION,14.0,76.0,92,2,3,107.01874630585121
JOB1362684408130,COMP33,MANAGER,HIGH_SCHOOL,NONE,HEALTH,7.0,5.0,95,1,0,108.93879831906838
JOB1362684408131,COMP3,SENIOR,BACHELORS,MATH,HEALTH,6.0,0.0,100,1,0,107.55029891878618
JOB1362684408132,COMP11,CTO,BACHELORS,ENGINEERING,AUTO,14.0,61.0,145,2,3,138.50833293501742
JOB1362684408133,COMP56,JUNIOR,BACHELORS,MATH,EDUCATION,6.0,67.0,58,1,3,70.426049441824
JOB1362684408134,COMP31,JANITOR,NONE,NONE,SERVICE,0.0,60.0,33,0,3,35.12677067697295
JOB1362684408135,COMP24,JANITOR,NONE,NONE,WEB,1.0,32.0,71,0,1,54.89965244838541
JOB1362684408136,COMP27,CFO,MASTERS,NONE,WEB,18.0,0.0,183,3,0,173.5701502276187
JOB1362684408137,COMP55,MANAGER,BACHELORS,CHEMISTRY,FINANCE,13.0,67.0,123,2,3,123.9735474834708
JOB1362684408138,COMP18,CTO,NONE,NONE,SERVICE,5.0,42.0,87,1,2,100.253974886707
JOB1362684408139,COMP9,JANITOR,HIGH_SCHOOL,NONE,WEB,10.0,30.0,80,2,1,78.83643871399296
JOB1362684408140,COMP4,MANAGER,BACHELORS,ENGINEERING,HEALTH,2.0,54.0,108,0,2,96.37391947100697
JOB1362684408141,COMP14,VICE_PRESIDENT,NONE,NONE,WEB,23.0,10.0,117,4,0,160.90599382120655
JOB1362684408142,COMP8,JUNIOR,MASTERS,NONE,SERVICE,2.0,32.0,77,0,1,66.26837672513686
JOB1362684408143,COMP0,CEO,HIGH_SCHOOL,NONE,HEALTH,20.0,39.0,188,4,1,156.30470689320845
JOB1362684408144,COMP24,JANITOR,HIGH_SCHOOL,NONE,OIL,9.0,27.0,65,1,1,89.59243871273858
JOB1362684408145,COMP59,JANITOR,NONE,NONE,OIL,1.0,18.0,80,0,0,65.74527843476659
JOB1362684408146,COMP61,JANITOR,HIGH_SCHOOL,NONE,AUTO,17.0,85.0,60,3,4,58.31496616815389
JOB1362684408147,COMP11,MANAGER,DOCTORAL,MATH,SERVICE,0.0,11.0,87,0,0,103.1840210112043
JOB1362684408148,COMP14,JANITOR,HIGH_SCHOOL,NONE,EDUCATION,1.0,73.0,23,0,3,29.730353479738564
JOB1362684408149,COMP12,JANITOR,NONE,NONE,AUTO,20.0,94.0,68,4,4,57.8673599712269
JOB1362684408150,COMP8,JANITOR,NONE,NONE,EDUCATION,2.0,32.0,45,0,1,40.252054075210445
JOB1362684408151,COMP22,MANAGER,DOCTORAL,COMPSCI,EDUCATION,10.0,86.0,80,2,4,94.2366882175264
JOB1362684408152,COMP11,MANAGER,HIGH_SCHOOL,NONE,SERVICE,0.0,6.0,92,0,0,79.30114311646936
JOB1362684408153,COMP10,JANITOR,NONE,NONE,HEALTH,14.0,47.0,68,2,2,74.7442776899778
JOB1362684408154,COMP29,VICE_PRESIDENT,HIGH_SCHOOL,NONE,FINANCE,9.0,39.0,148,1,1,128.9464648556802
JOB1362684408155,COMP12,SENIOR,DOCTORAL,BIOLOGY,OIL,8.0,98.0,84,1,4,104.6621502164755
JOB1362684408156,COMP40,VICE_PRESIDENT,BACHELORS,MATH,SERVICE,19.0,87.0,137,3,4,110.39618903384218
JOB1362684408157,COMP62,JUNIOR,DOCTORAL,CHEMISTRY,FINANCE,22.0,29.0,162,4,1,154.26270774408923
JOB1362684408158,COMP2,VICE_PRESIDENT,MASTERS,BUSINESS,HEALTH,21.0,41.0,177,4,2,155.53040092050625
JOB1362684408159,COMP41,SENIOR,NONE,NONE,WEB,20.0,57.0,104,4,2,107.33443470414555
JOB1362684408160,COMP1,JUNIOR,BACHELORS,NONE,WEB,14.0,99.0,74,2,4,76.78972059536599
JOB1362684408161,COMP20,CEO,BACHELORS,CHEMISTRY,HEALTH,0.0,42.0,124,0,2,131.87781576442404
JOB1362684408162,COMP23,JUNIOR,DOCTORAL,NONE,FINANCE,0.0,74.0,82,0,3,80.45631430945197
JOB1362684408163,COMP32,JUNIOR,MASTERS,PHYSICS,FINANCE,8.0,29.0,101,1,1,110.29163104694409
JOB1362684408164,COMP50,SENIOR,BACHELORS,BIOLOGY,AUTO,5.0,5.0,99,1,0,96.53110765646343
JOB1362684408165,COMP27,JANITOR,NONE,NONE,HEALTH,16.0,68.0,61,3,3,70.35703145337926
JOB1362684408166,COMP44,CEO,MASTERS,BIOLOGY,SERVICE,19.0,45.0,159,3,2,152.47095295974887
JOB1362684408167,COMP48,SENIOR,BACHELORS,BIOLOGY,HEALTH,22.0,51.0,105,4,2,136.6637325910258
JOB1362684408168,COMP14,CFO,HIGH_SCHOOL,NONE,WEB,0.0,56.0,119,0,2,106.09521131109088
JOB1362684408169,COMP19,CEO,HIGH_SCHOOL,NONE,AUTO,13.0,48.0,113,2,2,132.8668294910956
JOB1362684408170,COMP34,CEO,NONE,NONE,FINANCE,13.0,88.0,146,2,4,128.8476873632693
JOB1362684408171,COMP61,MANAGER,HIGH_SCHOOL,NONE,SERVICE,4.0,58.0,61,0,2,75.60996378051094
JOB1362684408172,COMP23,SENIOR,MASTERS,BIOLOGY,AUTO,7.0,65.0,72,1,3,88.558524961858
JOB1362684408173,COMP55,JUNIOR,NONE,NONE,AUTO,3.0,84.0,55,0,4,51.717864645395615
JOB1362684408174,COMP55,VICE_PRESIDENT,BACHELORS,NONE,SERVICE,21.0,78.0,109,4,3,108.20174269671739
JOB1362684408175,COMP51,JUNIOR,DOCTORAL,PHYSICS,OIL,18.0,8.0,196,3,0,154.01468143182004
JOB1362684408176,COMP21,JUNIOR,DOCTORAL,NONE,SERVICE,8.0,60.0,100,1,3,75.34418742645632
JOB1362684408177,COMP7,JUNIOR,MASTERS,CHEMISTRY,AUTO,16.0,20.0,106,3,1,118.32592545875352
JOB1362684408178,COMP16,SENIOR,NONE,NONE,FINANCE,10.0,2.0,140,2,0,119.04480521857683
JOB1362684408179,COMP43,SENIOR,NONE,NONE,WEB,20.0,61.0,109,4,3,104.53191007267361
JOB1362684408180,COMP17,JUNIOR,MASTERS,LITERATURE,WEB,14.0,50.0,124,2,2,104.12032630027286
JOB1362684408181,COMP1,JANITOR,HIGH_SCHOOL,NONE,HEALTH,19.0,48.0,90,3,2,84.37795239508716
JOB1362684408182,COMP13,JUNIOR,BACHELORS,NONE,EDUCATION,21.0,60.0,80,4,3,84.86348053572502
JOB1362684408183,COMP2,CFO,BACHELORS,NONE,WEB,1.0,77.0,122,0,3,106.31415045700426
JOB1362684408184,COMP27,VICE_PRESIDENT,DOCTORAL,LITERATURE,WEB,23.0,46.0,158,4,2,157.06969297676412
JOB1362684408185,COMP13,VICE_PRESIDENT,HIGH_SCHOOL,NONE,OIL,8.0,50.0,93,1,2,124.6260831046414
JOB1362684408186,COMP3,CFO,DOCTORAL,COMPSCI,WEB,20.0,35.0,175,4,1,175.64411006846402
JOB1362684408187,COMP40,VICE_PRESIDENT,NONE,NONE,AUTO,9.0,17.0,126,1,0,111.14936693407822
JOB1362684408188,COMP34,JUNIOR,BACHELORS,MATH,HEALTH,12.0,31.0,88,2,1,107.32729922956891
JOB1362684408189,COMP47,CTO,DOCTORAL,NONE,OIL,13.0,68.0,160,2,3,147.34872552152652
JOB1362684408190,COMP36,JUNIOR,BACHELORS,BUSINESS,OIL,13.0,89.0,95,2,4,107.98768387683228
JOB1362684408191,COMP53,CFO,HIGH_SCHOOL,NONE,FINANCE,6.0,4.0,129,1,0,140.88224279223527
JOB1362684408192,COMP11,MANAGER,MASTERS,NONE,EDUCATION,19.0,72.0,120,3,3,100.05795901411526
JOB1362684408193,COMP24,JANITOR,NONE,NONE,AUTO,12.0,50.0,61,2,2,66.78898038668827
JOB1362684408194,COMP8,VICE_PRESIDENT,DOCTORAL,PHYSICS,FINANCE,8.0,71.0,113,1,3,136.29926856692256
JOB1362684408195,COMP27,MANAGER,DOCTORAL,PHYSICS,SERVICE,12.0,61.0,126,2,3,111.15445667139629
JOB1362684408196,COMP39,MANAGER,DOCTORAL,NONE,AUTO,18.0,29.0,130,3,1,133.99222329390847
JOB1362684408197,COMP19,VICE_PRESIDENT,HIGH_SCHOOL,NONE,EDUCATION,21.0,32.0,107,4,1,130.97742976978677
JOB1362684408198,COMP21,CFO,BACHELORS,BUSINESS,FINANCE,11.0,39.0,188,2,1,172.92939306428227
JOB1362684408199,COMP34,CEO,NONE,NONE,AUTO,19.0,47.0,145,3,2,137.77661893642608
JOB1362684408200,COMP43,CFO,BACHELORS,BIOLOGY,OIL,21.0,30.0,171,4,1,177.73311016677252
JOB1362684408201,COMP28,SENIOR,BACHELORS,LITERATURE,AUTO,1.0,54.0,72,0,2,75.28191929486407
JOB1362684408202,COMP1,SENIOR,NONE,NONE,WEB,24.0,72.0,134,4,3,107.39597873448395
JOB1362684408203,COMP52,MANAGER,NONE,NONE,AUTO,20.0,73.0,106,4,3,96.74320980357577
JOB1362684408204,COMP8,CFO,HIGH_SCHOOL,NONE,FINANCE,3.0,93.0,131,0,4,111.44271961854075
JOB1362684408205,COMP2,MANAGER,MASTERS,BUSINESS,FINANCE,6.0,25.0,155,1,1,149.03481415857328
JOB1362684408206,COMP20,JUNIOR,HIGH_SCHOOL,NONE,AUTO,4.0,41.0,54,0,2,65.43345470509101
JOB1362684408207,COMP56,CFO,MASTERS,BIOLOGY,WEB,7.0,74.0,91,1,3,124.94572308219648
JOB1362684408208,COMP50,CEO,MASTERS,LITERATURE,OIL,18.0,23.0,160,3,1,186.3447141372057
JOB1362684408209,COMP37,SENIOR,BACHELORS,BUSINESS,SERVICE,5.0,26.0,124,1,1,97.76114351819157
JOB1362684408210,COMP33,SENIOR,MASTERS,COMPSCI,WEB,2.0,37.0,115,0,1,100.69087047418364
JOB1362684408211,COMP30,MANAGER,BACHELORS,COMPSCI,AUTO,13.0,27.0,152,2,1,125.75920789217665
JOB1362684408212,COMP26,CTO,DOCTORAL,COMPSCI,FINANCE,16.0,63.0,155,3,3,163.846201247071
JOB1362684408213,COMP17,JUNIOR,DOCTORAL,ENGINEERING,WEB,23.0,57.0,178,4,2,147.65082215627618
JOB1362684408214,COMP32,JUNIOR,BACHELORS,BUSINESS,WEB,23.0,23.0,184,4,1,140.78782970013955
JOB1362684408215,COMP57,CFO,NONE,NONE,SERVICE,14.0,35.0,139,2,1,117.20145738320123
JOB1362684408216,COMP22,JANITOR,NONE,NONE,SERVICE,4.0,54.0,38,0,2,41.790252141222815
JOB1362684408217,COMP17,SENIOR,MASTERS,MATH,FINANCE,0.0,74.0,116,0,3,99.03572650059706
JOB1362684408218,COMP25,SENIOR,HIGH_SCHOOL,NONE,OIL,10.0,21.0,101,2,1,117.75818368025601
JOB1362684408219,COMP30,CFO,BACHELORS,BIOLOGY,EDUCATION,9.0,20.0,129,1,1,123.19274703675585
JOB1362684408220,COMP49,JANITOR,HIGH_SCHOOL,NONE,EDUCATION,14.0,18.0,62,2,0,70.91367817389737
JOB1362684408221,COMP11,MANAGER,BACHELORS,COMPSCI,HEALTH,21.0,76.0,89,4,3,124.80050992027527
JOB1362684408222,COMP2,CEO,BACHELORS,NONE,HEALTH,14.0,47.0,140,2,2,144.4824188959356
JOB1362684408223,COMP31,CFO,NONE,NONE,HEALTH,1.0,77.0,107,0,3,93.36742274460539
JOB1362684408224,COMP53,MANAGER,HIGH_SCHOOL,NONE,SERVICE,24.0,44.0,145,4,2,122.55277714553233
JOB1362684408225,COMP28,CEO,MASTERS,CHEMISTRY,WEB,7.0,61.0,115,1,3,138.05063617660326
JOB1362684408226,COMP43,JANITOR,NONE,NONE,FINANCE,8.0,38.0,66,1,1,80.5985390823398
JOB1362684408227,COMP18,VICE_PRESIDENT,HIGH_SCHOOL,NONE,FINANCE,11.0,15.0,112,2,0,140.08376522416407
JOB1362684408228,COMP47,VICE_PRESIDENT,BACHELORS,ENGINEERING,SERVICE,19.0,31.0,185,3,1,141.6930450721486
JOB1362684408229,COMP14,VICE_PRESIDENT,BACHELORS,CHEMISTRY,OIL,4.0,42.0,125,0,2,126.2996480462562
JOB1362684408230,COMP19,SENIOR,HIGH_SCHOOL,NONE,EDUCATION,19.0,17.0,109,3,0,108.38515802305368
JOB1362684408231,COMP8,JUNIOR,BACHELORS,NONE,SERVICE,11.0,35.0,89,2,1,78.80919045369333
JOB1362684408232,COMP58,JUNIOR,DOCTORAL,COMPSCI,EDUCATION,6.0,90.0,72,1,4,69.99027445553367
JOB1362684408233,COMP1,SENIOR,BACHELORS,NONE,OIL,0.0,96.0,78,0,4,80.97385185188236
JOB1362684408234,COMP20,CFO,MASTERS,NONE,WEB,13.0,16.0,131,2,0,155.87051463469527
JOB1362684408235,COMP29,JANITOR,NONE,NONE,AUTO,17.0,77.0,55,3,3,58.59873008377239
JOB1362684408236,COMP60,MANAGER,MASTERS,MATH,SERVICE,11.0,98.0,84,2,4,95.80138121409149
JOB1362684408237,COMP13,VICE_PRESIDENT,MASTERS,MATH,HEALTH,17.0,33.0,121,3,1,155.70157694112135
JOB1362684408238,COMP0,CEO,BACHELORS,BUSINESS,EDUCATION,13.0,13.0,125,2,0,149.08379193407208
JOB1362684408239,COMP17,CTO,BACHELORS,ENGINEERING,FINANCE,10.0,62.0,158,2,3,157.17317899147346
JOB1362684408240,COMP4,JANITOR,HIGH_SCHOOL,NONE,AUTO,24.0,98.0,51,4,4,61.68191566824873
JOB1362684408241,COMP17,JUNIOR,BACHELORS,LITERATURE,SERVICE,16.0,54.0,70,3,2,85.46970908150419
JOB1362684408242,COMP9,MANAGER,BACHELORS,LITERATURE,WEB,16.0,16.0,181,3,0,138.31572221597122
JOB1362684408243,COMP46,CTO,NONE,NONE,EDUCATION,24.0,17.0,167,4,0,151.0607168583646
JOB1362684408244,COMP55,MANAGER,MASTERS,MATH,WEB,20.0,99.0,132,4,4,130.98251954249758
JOB1362684408245,COMP0,CEO,DOCTORAL,BUSINESS,OIL,4.0,59.0,197,0,2,161.9117850584129
JOB1362684408246,COMP9,CEO,HIGH_SCHOOL,NONE,OIL,2.0,89.0,100,0,4,117.99572192348151
JOB1362684408247,COMP53,CEO,MASTERS,BIOLOGY,WEB,22.0,7.0,248,4,0,194.40279154713295
JOB1362684408248,COMP2,CTO,NONE,NONE,AUTO,8.0,7.0,137,1,0,119.14788894074371
JOB1362684408249,COMP25,MANAGER,MASTERS,NONE,OIL,9.0,58.0,150,1,2,119.68982424455787
JOB1362684408250,COMP46,JANITOR,NONE,NONE,EDUCATION,11.0,71.0,49,2,3,43.516354860021565
JOB1362684408251,COMP23,CFO,DOCTORAL,BUSINESS,SERVICE,4.0,43.0,137,0,2,132.8587443009839
JOB1362684408252,COMP55,JANITOR,HIGH_SCHOOL,NONE,EDUCATION,14.0,7.0,85,2,0,76.80260522780564
JOB1362684408253,COMP15,VICE_PRESIDENT,NONE,NONE,SERVICE,21.0,58.0,95,4,2,116.24439334594922
JOB1362684408254,COMP5,CEO,NONE,NONE,FINANCE,1.0,98.0,80,0,4,109.81552845248173
JOB1362684408255,COMP9,CFO,MASTERS,MATH,EDUCATION,0.0,74.0,93,0,3,100.93064433952412
JOB1362684408256,COMP30,CEO,BACHELORS,NONE,EDUCATION,16.0,13.0,142,3,0,150.50348937653595
JOB1362684408257,COMP37,MANAGER,MASTERS,CHEMISTRY,FINANCE,12.0,92.0,133,2,4,117.74268861256476
JOB1362684408258,COMP34,CEO,MASTERS,CHEMISTRY,FINANCE,12.0,99.0,119,2,4,142.08242508084663
JOB1362684408259,COMP29,VICE_PRESIDENT,DOCTORAL,PHYSICS,AUTO,23.0,0.0,179,4,0,181.27445209297463
JOB1362684408260,COMP5,CTO,MASTERS,COMPSCI,HEALTH,12.0,30.0,176,2,1,149.30232450535706
JOB1362684408261,COMP7,VICE_PRESIDENT,MASTERS,ENGINEERING,EDUCATION,12.0,28.0,130,2,1,127.82877511683495
JOB1362684408262,COMP20,CTO,HIGH_SCHOOL,NONE,HEALTH,9.0,19.0,130,1,0,130.41045770928977
JOB1362684408263,COMP34,CFO,NONE,NONE,AUTO,3.0,24.0,98,0,1,104.16897558200361
JOB1362684408264,COMP60,MANAGER,MASTERS,MATH,AUTO,5.0,99.0,83,1,4,93.17536154460552
JOB1362684408265,COMP15,CFO,NONE,NONE,EDUCATION,18.0,30.0,139,3,1,129.02572163341793
JOB1362684408266,COMP17,CEO,BACHELORS,ENGINEERING,EDUCATION,1.0,61.0,100,0,3,106.28690847141053
JOB1362684408267,COMP4,MANAGER,DOCTORAL,MATH,HEALTH,10.0,96.0,81,2,4,111.29560008100727
JOB1362684408268,COMP58,JUNIOR,DOCTORAL,PHYSICS,AUTO,20.0,20.0,142,4,1,132.91046293801267
JOB1362684408269,COMP0,CEO,DOCTORAL,LITERATURE,WEB,15.0,45.0,155,3,2,162.25188183250242
JOB1362684408270,COMP26,CTO,BACHELORS,LITERATURE,FINANCE,0.0,50.0,141,0,2,119.7363723446818
JOB1362684408271,COMP10,CFO,MASTERS,COMPSCI,AUTO,20.0,80.0,104,4,4,133.92763146654727
JOB1362684408272,COMP35,VICE_PRESIDENT,BACHELORS,MATH,EDUCATION,17.0,27.0,142,3,1,136.64064217037517
JOB1362684408273,COMP19,CFO,HIGH_SCHOOL,NONE,HEALTH,19.0,67.0,101,3,3,130.31817536841368
JOB1362684408274,COMP31,VICE_PRESIDENT,HIGH_SCHOOL,NONE,OIL,24.0,23.0,189,4,1,170.08961133177934
JOB1362684408275,COMP56,CEO,NONE,NONE,FINANCE,6.0,22.0,180,1,1,140.52528555599596
JOB1362684408276,COMP22,MANAGER,NONE,NONE,OIL,17.0,4.0,130,3,0,146.8392894426399
JOB1362684408277,COMP7,CTO,MASTERS,PHYSICS,WEB,23.0,69.0,148,4,3,161.73500956202233
JOB1362684408278,COMP58,VICE_PRESIDENT,NONE,NONE,AUTO,23.0,86.0,101,4,4,104.76506377243193
JOB1362684408279,COMP3,MANAGER,NONE,NONE,AUTO,14.0,20.0,104,2,1,110.94605650170517
JOB1362684408280,COMP57,CFO,BACHELORS,NONE,WEB,5.0,50.0,149,1,2,119.66232901631884
JOB1362684408281,COMP26,SENIOR,DOCTORAL,MATH,WEB,22.0,97.0,134,4,4,126.8931299123314
JOB1362684408282,COMP55,JANITOR,HIGH_SCHOOL,NONE,HEALTH,17.0,40.0,78,3,2,82.79578189093358
JOB1362684408283,COMP14,JUNIOR,NONE,NONE,HEALTH,15.0,53.0,66,3,2,82.50403527752368
JOB1362684408284,COMP17,VICE_PRESIDENT,NONE,NONE,EDUCATION,22.0,66.0,129,4,3,109.08441857523496
JOB1362684408285,COMP13,SENIOR,DOCTORAL,MATH,OIL,19.0,32.0,139,3,1,154.71000723605474
JOB1362684408286,COMP50,CFO,BACHELORS,BIOLOGY,WEB,4.0,12.0,109,0,0,131.04934177059232
JOB1362684408287,COMP35,CTO,MASTERS,MATH,FINANCE,1.0,97.0,140,0,4,125.23398094100736
JOB1362684408288,COMP59,JUNIOR,NONE,NONE,WEB,6.0,67.0,50,1,3,69.48492420095984
JOB1362684408289,COMP9,JUNIOR,HIGH_SCHOOL,NONE,OIL,6.0,25.0,109,1,1,94.52854913614907
JOB1362684408290,COMP32,MANAGER,DOCTORAL,CHEMISTRY,FINANCE,21.0,58.0,172,4,2,155.65518014201157
JOB1362684408291,COMP43,JUNIOR,DOCTORAL,ENGINEERING,SERVICE,9.0,88.0,74,1,4,76.14280117124439
JOB1362684408292,COMP13,JANITOR,NONE,NONE,SERVICE,20.0,1.0,85,4,0,105.38022608600505
JOB1362684408293,COMP16,CTO,MASTERS,PHYSICS,FINANCE,5.0,74.0,174,1,3,133.38132462306353
JOB1362684408294,COMP59,CEO,HIGH_SCHOOL,NONE,EDUCATION,0.0,9.0,103,0,0,103.16219658534578
JOB1362684408295,COMP33,JANITOR,HIGH_SCHOOL,NONE,EDUCATION,19.0,2.0,116,3,0,94.79000887822819
JOB1362684408296,COMP13,SENIOR,BACHELORS,NONE,EDUCATION,20.0,12.0,123,4,0,116.42967141454398
JOB1362684408297,COMP53,JANITOR,HIGH_SCHOOL,NONE,EDUCATION,5.0,12.0,56,1,0,50.21053939581206
JOB1362684408298,COMP55,CEO,BACHELORS,LITERATURE,EDUCATION,0.0,42.0,103,0,2,111.47170948454864
JOB1362684408299,COMP6,CEO,MASTERS,BUSINESS,FINANCE,7.0,62.0,207,1,3,169.11713826243715
JOB1362684408300,COMP26,MANAGER,NONE,NONE,AUTO,14.0,21.0,117,2,1,110.40008261899428
JOB1362684408301,COMP54,VICE_PRESIDENT,MASTERS,NONE,AUTO,9.0,30.0,132,1,1,119.39312027576703
JOB1362684408302,COMP36,SENIOR,BACHELORS,LITERATURE,AUTO,1.0,57.0,54,0,2,75.11665722481689
JOB1362684408303,COMP52,VICE_PRESIDENT,BACHELORS,BUSINESS,FINANCE,12.0,96.0,114,2,4,143.90889820007126
JOB1362684408304,COMP18,JUNIOR,MASTERS,NONE,OIL,22.0,42.0,133,4,2,131.12687807174862
JOB1362684408305,COMP41,MANAGER,HIGH_SCHOOL,NONE,SERVICE,7.0,24.0,125,1,1,94.0918621766215
JOB1362684408306,COMP3,VICE_PRESIDENT,NONE,NONE,HEALTH,15.0,64.0,111,3,3,110.56959760607715
JOB1362684408307,COMP44,CEO,BACHELORS,BIOLOGY,HEALTH,24.0,94.0,204,4,4,146.372376721792
JOB1362684408308,COMP57,JUNIOR,DOCTORAL,MATH,AUTO,21.0,41.0,134,4,2,125.41368588840761
JOB1362684408309,COMP62,MANAGER,HIGH_SCHOOL,NONE,AUTO,12.0,60.0,81,2,3,93.23732080269856
JOB1362684408310,COMP55,CEO,HIGH_SCHOOL,NONE,OIL,11.0,15.0,143,2,0,161.00994775468632
JOB1362684408311,COMP45,MANAGER,MASTERS,BIOLOGY,AUTO,11.0,39.0,142,2,1,116.11594264963159
JOB1362684408312,COMP11,CFO,DOCTORAL,COMPSCI,WEB,18.0,79.0,149,3,3,147.07344576294494
JOB1362684408313,COMP25,VICE_PRESIDENT,BACHELORS,BIOLOGY,AUTO,15.0,67.0,94,3,3,113.54987108113805
JOB1362684408314,COMP3,CTO,BACHELORS,LITERATURE,HEALTH,3.0,22.0,157,0,1,118.55038413230322
JOB1362684408315,COMP43,CTO,BACHELORS,NONE,SERVICE,0.0,66.0,90,0,3,90.71232543907327
JOB1362684408316,COMP30,CEO,HIGH_SCHOOL,NONE,HEALTH,23.0,27.0,214,4,1,169.80203877358963
JOB1362684408317,COMP25,CTO,NONE,NONE,AUTO,12.0,38.0,100,2,1,120.04580751766332
JOB1362684408318,COMP21,SENIOR,HIGH_SCHOOL,NONE,OIL,7.0,92.0,90,1,4,87.66324091498002
JOB1362684408319,COMP42,MANAGER,NONE,NONE,SERVICE,1.0,99.0,69,0,4,60.90756664437604
JOB1362684408320,COMP46,CTO,HIGH_SCHOOL,NONE,SERVICE,23.0,26.0,171,4,1,152.2119866633934
JOB1362684408321,COMP40,SENIOR,HIGH_SCHOOL,NONE,EDUCATION,9.0,76.0,53,1,3,68.634528702985
JOB1362684408322,COMP43,JANITOR,HIGH_SCHOOL,NONE,AUTO,24.0,3.0,123,4,0,122.67796960639608
JOB1362684408323,COMP1,SENIOR,BACHELORS,BIOLOGY,EDUCATION,19.0,1.0,112,3,0,131.46365933578645
JOB1362684408324,COMP20,CFO,MASTERS,PHYSICS,EDUCATION,24.0,74.0,101,4,3,132.78319027854758
JOB1362684408325,COMP5,VICE_PRESIDENT,BACHELORS,LITERATURE,HEALTH,10.0,70.0,130,2,3,109.36601100630465
JOB1362684408326,COMP16,CEO,BACHELORS,CHEMISTRY,EDUCATION,5.0,3.0,95,1,0,127.15515296544658
JOB1362684408327,COMP42,CEO,DOCTORAL,MATH,OIL,10.0,47.0,207,2,2,167.31896963237114
JOB1362684408328,COMP13,CFO,HIGH_SCHOOL,NONE,FINANCE,22.0,49.0,148,4,2,156.92313985218158
JOB1362684408329,COMP28,JANITOR,HIGH_SCHOOL,NONE,AUTO,3.0,68.0,39,0,3,42.93443407893921
JOB1362684408330,COMP22,JANITOR,HIGH_SCHOOL,NONE,OIL,0.0,57.0,76,0,2,59.63145457776384
JOB1362684408331,COMP4,SENIOR,MASTERS,BUSINESS,EDUCATION,12.0,57.0,78,2,2,94.90138799724814
JOB1362684408332,COMP41,JUNIOR,DOCTORAL,BIOLOGY,EDUCATION,24.0,46.0,123,4,2,118.83940229259439
JOB1362684408333,COMP7,CFO,HIGH_SCHOOL,NONE,AUTO,19.0,2.0,171,3,0,158.5441590973844
JOB1362684408334,COMP28,VICE_PRESIDENT,NONE,NONE,EDUCATION,4.0,82.0,48,0,4,68.640035183123
JOB1362684408335,COMP19,JUNIOR,MASTERS,COMPSCI,OIL,12.0,52.0,96,2,2,115.24892193872162
JOB1362684408336,COMP13,CEO,DOCTORAL,NONE,HEALTH,11.0,5.0,143,2,0,162.1380186342175
JOB1362684408337,COMP40,CFO,NONE,NONE,OIL,16.0,21.0,175,3,1,159.69625733296465
JOB1362684408338,COMP41,CFO,HIGH_SCHOOL,NONE,WEB,9.0,83.0,96,1,4,111.47152007452962
JOB1362684408339,COMP51,CFO,MASTERS,BUSINESS,OIL,9.0,11.0,218,1,0,173.00880664601314
JOB1362684408340,COMP14,VICE_PRESIDENT,HIGH_SCHOOL,NONE,EDUCATION,1.0,91.0,66,0,4,66.82222188384848
JOB1362684408341,COMP8,CTO,BACHELORS,BIOLOGY,EDUCATION,4.0,4.0,124,0,0,111.85664291396296
JOB1362684408342,COMP59,MANAGER,NONE,NONE,SERVICE,8.0,53.0,85,1,2,77.86869055434023
JOB1362684408343,COMP28,CFO,NONE,NONE,AUTO,18.0,30.0,115,3,1,139.23546326196077
JOB1362684408344,COMP21,SENIOR,DOCTORAL,BUSINESS,AUTO,8.0,1.0,97,1,0,119.13579515443159
JOB1362684408345,COMP58,JUNIOR,HIGH_SCHOOL,NONE,SERVICE,8.0,80.0,51,1,4,58.66578024958041
JOB1362684408346,COMP31,JUNIOR,HIGH_SCHOOL,NONE,SERVICE,1.0,14.0,59,0,0,58.667879333474346
JOB1362684408347,COMP60,JANITOR,HIGH_SCHOOL,NONE,HEALTH,12.0,40.0,78,2,2,73.47637092808854
JOB1362684408348,COMP15,CEO,BACHELORS,LITERATURE,AUTO,16.0,32.0,199,3,1,152.69051221967413
JOB1362684408349,COMP13,VICE_PRESIDENT,BACHELORS,CHEMISTRY,SERVICE,3.0,19.0,90,0,0,99.29048301414652
JOB1362684408350,COMP12,SENIOR,HIGH_SCHOOL,NONE,EDUCATION,11.0,80.0,72,2,4,67.97863941724809
JOB1362684408351,COMP46,VICE_PRESIDENT,BACHELORS,MATH,HEALTH,19.0,13.0,123,3,0,163.15049536535383
JOB1362684408352,COMP25,SENIOR,DOCTORAL,LITERATURE,EDUCATION,13.0,39.0,129,2,1,110.18612665703628
JOB1362684408353,COMP62,CEO,NONE,NONE,AUTO,8.0,35.0,95,1,1,117.5794299860504
JOB1362684408354,COMP54,CFO,NONE,NONE,SERVICE,16.0,76.0,114,3,3,108.26271143630535
JOB1362684408355,COMP36,MANAGER,HIGH_SCHOOL,NONE,EDUCATION,2.0,64.0,56,0,3,66.1445865760931
JOB1362684408356,COMP35,CEO,DOCTORAL,PHYSICS,WEB,19.0,93.0,192,3,4,158.4766814003859
JOB1362684408357,COMP26,CEO,MASTERS,MATH,AUTO,23.0,9.0,240,4,0,193.86659788831065
JOB1362684408358,COMP7,JUNIOR,HIGH_SCHOOL,NONE,FINANCE,24.0,22.0,153,4,1,140.02521720168252
JOB1362684408359,COMP53,SENIOR,HIGH_SCHOOL,NONE,OIL,0.0,51.0,97,0,2,86.3336508647425
JOB1362684408360,COMP53,CEO,DOCTORAL,BUSINESS,FINANCE,1.0,19.0,210,0,0,172.27192942650126
JOB1362684408361,COMP48,VICE_PRESIDENT,NONE,NONE,WEB,0.0,64.0,115,0,3,87.54647389584441
JOB1362684408362,COMP19,MANAGER,MASTERS,MATH,OIL,13.0,41.0,155,2,2,139.94741311614598
JOB1362684408363,COMP46,JUNIOR,DOCTORAL,LITERATURE,AUTO,20.0,19.0,145,4,0,128.16775672326332
JOB1362684408364,COMP56,CFO,DOCTORAL,ENGINEERING,AUTO,18.0,62.0,127,3,3,156.7292532867938
JOB1362684408365,COMP13,CTO,HIGH_SCHOOL,NONE,HEALTH,8.0,15.0,155,1,0,127.63269857750113
JOB1362684408366,COMP26,VICE_PRESIDENT,DOCTORAL,NONE,WEB,5.0,70.0,148,1,3,113.64863333869717
JOB1362684408367,COMP62,MANAGER,MASTERS,ENGINEERING,FINANCE,9.0,46.0,160,1,2,142.40270513551394
JOB1362684408368,COMP9,CFO,MASTERS,NONE,SERVICE,15.0,97.0,131,3,4,112.3765670538141
JOB1362684408369,COMP20,JUNIOR,MASTERS,ENGINEERING,EDUCATION,0.0,26.0,85,0,1,68.98550032054439
JOB1362684408370,COMP16,JUNIOR,NONE,NONE,EDUCATION,16.0,19.0,84,3,0,87.07433574180068
JOB1362684408371,COMP47,MANAGER,NONE,NONE,HEALTH,1.0,57.0,76,0,2,76.4185263525884
JOB1362684408372,COMP13,CEO,DOCTORAL,NONE,FINANCE,24.0,0.0,186,4,0,207.57184211915168
JOB1362684408373,COMP37,CTO,NONE,NONE,EDUCATION,0.0,64.0,57,0,3,78.44163653637824
JOB1362684408374,COMP17,SENIOR,MASTERS,MATH,FINANCE,6.0,29.0,142,1,1,114.82074257628867
JOB1362684408375,COMP46,SENIOR,NONE,NONE,AUTO,10.0,52.0,78,2,2,82.66229861240359
JOB1362684408376,COMP14,JUNIOR,DOCTORAL,CHEMISTRY,SERVICE,7.0,31.0,97,1,1,91.91313238383289
JOB1362684408377,COMP57,CEO,BACHELORS,LITERATURE,FINANCE,6.0,42.0,141,1,2,146.326420242271
JOB1362684408378,COMP55,SENIOR,DOCTORAL,BIOLOGY,OIL,15.0,28.0,118,3,1,144.92947718047373
JOB1362684408379,COMP32,CEO,HIGH_SCHOOL,NONE,EDUCATION,8.0,74.0,90,1,3,105.46040135555685
JOB1362684408380,COMP14,CEO,HIGH_SCHOOL,NONE,FINANCE,12.0,49.0,142,2,2,147.59210980349988
JOB1362684408381,COMP45,CFO,MASTERS,COMPSCI,OIL,21.0,84.0,201,4,4,155.2344539413367
JOB1362684408382,COMP59,MANAGER,DOCTORAL,BIOLOGY,OIL,10.0,76.0,169,2,3,121.57372353213606
JOB1362684408383,COMP37,JANITOR,NONE,NONE,FINANCE,3.0,39.0,64,0,1,67.74303186444932
JOB1362684408384,COMP58,SENIOR,HIGH_SCHOOL,NONE,FINANCE,15.0,64.0,129,3,3,104.46091955962903
JOB1362684408385,COMP56,CTO,BACHELORS,PHYSICS,AUTO,24.0,56.0,177,4,2,149.30194316573073
JOB1362684408386,COMP14,CTO,DOCTORAL,COMPSCI,SERVICE,13.0,55.0,116,2,2,136.85060592615676
JOB1362684408387,COMP40,JUNIOR,BACHELORS,CHEMISTRY,EDUCATION,22.0,85.0,85,4,4,78.46242951823164
JOB1362684408388,COMP29,VICE_PRESIDENT,NONE,NONE,SERVICE,20.0,69.0,86,4,3,106.55077891015759
JOB1362684408389,COMP34,JANITOR,HIGH_SCHOOL,NONE,WEB,4.0,68.0,49,0,3,53.78134825789788
JOB1362684408390,COMP18,JUNIOR,HIGH_SCHOOL,NONE,FINANCE,15.0,3.0,157,3,0,129.46511088695758
JOB1362684408391,COMP43,MANAGER,NONE,NONE,SERVICE,8.0,58.0,83,1,2,77.17461501926284
JOB1362684408392,COMP29,JANITOR,HIGH_SCHOOL,NONE,FINANCE,11.0,31.0,118,2,1,92.34273413239772
JOB1362684408393,COMP0,MANAGER,BACHELORS,BIOLOGY,HEALTH,24.0,25.0,147,4,1,165.9089355778623
JOB1362684408394,COMP10,MANAGER,DOCTORAL,LITERATURE,OIL,7.0,33.0,99,1,1,128.3797098721043
JOB1362684408395,COMP40,JANITOR,HIGH_SCHOOL,NONE,SERVICE,3.0,23.0,38,0,1,49.046016564056835
JOB1362684408396,COMP26,CFO,DOCTORAL,LITERATURE,EDUCATION,13.0,18.0,190,2,0,147.49404230264068
JOB1362684408397,COMP15,CEO,HIGH_SCHOOL,NONE,EDUCATION,5.0,50.0,131,1,2,105.84550748254823
JOB1362684408398,COMP32,CFO,MASTERS,NONE,FINANCE,4.0,35.0,111,0,1,134.9915342718834
JOB1362684408399,COMP46,SENIOR,NONE,NONE,WEB,14.0,3.0,95,2,0,118.35404792170384
JOB1362684408400,COMP48,CEO,DOCTORAL,LITERATURE,OIL,4.0,91.0,109,0,4,138.11986617861038
JOB1362684408401,COMP45,JUNIOR,MASTERS,COMPSCI,OIL,18.0,28.0,149,3,1,141.15634154035303
JOB1362684408402,COMP53,JUNIOR,DOCTORAL,BIOLOGY,WEB,19.0,2.0,123,3,0,148.59947114725705
JOB1362684408403,COMP61,CTO,DOCTORAL,LITERATURE,HEALTH,18.0,70.0,133,3,3,143.3078262092227
JOB1362684408404,COMP36,SENIOR,MASTERS,BUSINESS,OIL,17.0,91.0,115,3,4,127.26745161023771
JOB1362684408405,COMP25,SENIOR,MASTERS,BIOLOGY,FINANCE,23.0,86.0,132,4,4,125.2014609318052
JOB1362684408406,COMP54,VICE_PRESIDENT,DOCTORAL,BIOLOGY,OIL,21.0,14.0,225,4,0,186.60447096209236
JOB1362684408407,COMP58,JUNIOR,NONE,NONE,OIL,20.0,64.0,94,4,3,101.79208432415258
JOB1362684408408,COMP60,JUNIOR,MASTERS,BUSINESS,AUTO,22.0,61.0,123,4,3,110.09551289909973
JOB1362684408409,COMP38,SENIOR,MASTERS,BUSINESS,AUTO,6.0,47.0,94,1,2,97.613008635961
JOB1362684408410,COMP49,MANAGER,MASTERS,LITERATURE,SERVICE,4.0,3.0,119,0,0,103.43847110952261
JOB1362684408411,COMP10,VICE_PRESIDENT,HIGH_SCHOOL,NONE,WEB,9.0,44.0,94,1,2,116.64549539496068
JOB1362684408412,COMP30,JUNIOR,MASTERS,MATH,HEALTH,3.0,38.0,73,0,1,89.79076592009397
JOB1362684408413,COMP31,MANAGER,BACHELORS,CHEMISTRY,HEALTH,12.0,36.0,155,2,1,133.0585280861508
JOB1362684408414,COMP59,SENIOR,NONE,NONE,HEALTH,2.0,62.0,76,0,3,67.64356606501013
JOB1362684408415,COMP44,VICE_PRESIDENT,BACHELORS,COMPSCI,OIL,24.0,91.0,132,4,4,141.03118681055204
JOB1362684408416,COMP7,CTO,DOCTORAL,NONE,WEB,10.0,7.0,170,2,0,152.076581084885
JOB1362684408417,COMP8,JUNIOR,BACHELORS,NONE,AUTO,18.0,30.0,94,3,1,103.16249359578342
JOB1362684408418,COMP60,MANAGER,BACHELORS,CHEMISTRY,WEB,18.0,85.0,91,3,4,115.55208721181782
JOB1362684408419,COMP36,MANAGER,BACHELORS,BUSINESS,AUTO,6.0,32.0,118,1,1,103.45317641101242
JOB1362684408420,COMP39,SENIOR,BACHELORS,LITERATURE,OIL,2.0,87.0,99,0,4,90.38438613152171
JOB1362684408421,COMP61,CEO,NONE,NONE,FINANCE,10.0,46.0,142,2,2,140.06548997611304
JOB1362684408422,COMP15,SENIOR,MASTERS,COMPSCI,WEB,1.0,74.0,100,0,3,91.4586365715977
JOB1362684408423,COMP42,MANAGER,MASTERS,COMPSCI,FINANCE,12.0,98.0,125,2,4,118.56108274373372
JOB1362684408424,COMP12,CFO,MASTERS,ENGINEERING,EDUCATION,20.0,63.0,173,4,3,135.9637325217862
JOB1362684408425,COMP29,VICE_PRESIDENT,DOCTORAL,BIOLOGY,SERVICE,16.0,49.0,137,3,2,131.09745205736107
JOB1362684408426,COMP16,CEO,BACHELORS,BIOLOGY,FINANCE,13.0,92.0,151,2,4,140.23603956685264
JOB1362684408427,COMP7,CFO,MASTERS,ENGINEERING,WEB,0.0,64.0,111,0,3,140.38069284306792
JOB1362684408428,COMP15,CFO,MASTERS,COMPSCI,SERVICE,18.0,81.0,95,3,4,126.58615425843043
JOB1362684408429,COMP8,CEO,BACHELORS,ENGINEERING,OIL,4.0,49.0,154,0,2,163.0936749424232
JOB1362684408430,COMP34,VICE_PRESIDENT,DOCTORAL,CHEMISTRY,FINANCE,20.0,43.0,181,4,2,174.59524037995453
JOB1362684408431,COMP12,VICE_PRESIDENT,BACHELORS,PHYSICS,FINANCE,11.0,41.0,140,2,2,139.9355006647686
JOB1362684408432,COMP25,CEO,BACHELORS,CHEMISTRY,WEB,8.0,14.0,153,1,0,153.56137711043635
JOB1362684408433,COMP0,VICE_PRESIDENT,DOCTORAL,MATH,HEALTH,4.0,64.0,142,0,3,120.53110036064125
JOB1362684408434,COMP22,SENIOR,DOCTORAL,LITERATURE,EDUCATION,15.0,31.0,113,3,1,116.80997655747186
JOB1362684408435,COMP14,SENIOR,DOCTORAL,CHEMISTRY,WEB,8.0,96.0,107,1,4,96.90886930057825
JOB1362684408436,COMP23,SENIOR,NONE,NONE,FINANCE,2.0,61.0,96,0,3,81.62712512875873
JOB1362684408437,COMP42,SENIOR,NONE,NONE,AUTO,0.0,90.0,44,0,4,57.35840242063566
JOB1362684408438,COMP15,SENIOR,DOCTORAL,BIOLOGY,SERVICE,0.0,29.0,69,0,1,84.34652891105733
JOB1362684408439,COMP29,CEO,BACHELORS,NONE,OIL,11.0,92.0,144,2,4,133.24030869609402
JOB1362684408440,COMP60,SENIOR,DOCTORAL,ENGINEERING,FINANCE,0.0,89.0,122,0,4,107.76761280598502
JOB1362684408441,COMP52,CEO,MASTERS,BIOLOGY,WEB,8.0,91.0,160,1,4,128.81497706884502
JOB1362684408442,COMP6,VICE_PRESIDENT,HIGH_SCHOOL,NONE,EDUCATION,15.0,38.0,121,3,1,108.11986682418896
JOB1362684408443,COMP38,CEO,DOCTORAL,ENGINEERING,HEALTH,1.0,15.0,114,0,0,143.0570458432741
JOB1362684408444,COMP34,JANITOR,HIGH_SCHOOL,NONE,WEB,14.0,99.0,62,2,4,58.689283615342234
JOB1362684408445,COMP12,VICE_PRESIDENT,BACHELORS,PHYSICS,WEB,10.0,59.0,97,2,2,131.01655322756392
JOB1362684408446,COMP2,JANITOR,NONE,NONE,OIL,22.0,61.0,83,4,3,98.87559131528015
JOB1362684408447,COMP34,VICE_PRESIDENT,HIGH_SCHOOL,NONE,AUTO,24.0,5.0,166,4,0,165.7898155241689
JOB1362684408448,COMP46,SENIOR,NONE,NONE,WEB,15.0,43.0,80,3,2,104.3720875433711
JOB1362684408449,COMP40,MANAGER,NONE,NONE,FINANCE,15.0,74.0,125,3,3,109.45070115532647
JOB1362684408450,COMP44,VICE_PRESIDENT,BACHELORS,CHEMISTRY,FINANCE,12.0,15.0,137,2,0,151.6282640920212
JOB1362684408451,COMP17,VICE_PRESIDENT,NONE,NONE,WEB,8.0,6.0,150,1,0,120.33076951854615
JOB1362684408452,COMP28,CTO,DOCTORAL,PHYSICS,OIL,6.0,90.0,142,1,4,134.29787464437513
JOB1362684408453,COMP34,SENIOR,DOCTORAL,LITERATURE,HEALTH,8.0,57.0,123,1,2,101.0375127084638
JOB1362684408454,COMP33,CFO,BACHELORS,ENGINEERING,WEB,14.0,22.0,192,2,1,180.9134463258179
JOB1362684408455,COMP60,MANAGER,DOCTORAL,COMPSCI,AUTO,0.0,22.0,75,0,1,102.5867900273685
JOB1362684408456,COMP29,JUNIOR,DOCTORAL,PHYSICS,HEALTH,4.0,1.0,117,0,0,102.20292509903423
JOB1362684408457,COMP55,CEO,BACHELORS,NONE,FINANCE,1.0,90.0,154,0,4,121.03903715473513
JOB1362684408458,COMP35,CEO,DOCTORAL,MATH,SERVICE,2.0,98.0,126,0,4,116.33249995488583
JOB1362684408459,COMP11,JANITOR,HIGH_SCHOOL,NONE,HEALTH,10.0,12.0,64,2,0,79.5725298254957
JOB1362684408460,COMP46,MANAGER,HIGH_SCHOOL,NONE,FINANCE,12.0,93.0,93,2,4,102.40942198828778
JOB1362684408461,COMP59,SENIOR,HIGH_SCHOOL,NONE,EDUCATION,19.0,64.0,80,3,3,87.05216467846381
JOB1362684408462,COMP43,CFO,NONE,NONE,SERVICE,7.0,86.0,110,1,4,91.85397732277778
JOB1362684408463,COMP24,MANAGER,MASTERS,CHEMISTRY,OIL,9.0,34.0,130,1,1,130.28474585659254
JOB1362684408464,COMP24,CEO,MASTERS,ENGINEERING,WEB,11.0,23.0,150,2,1,185.8935097696792
JOB1362684408465,COMP6,MANAGER,NONE,NONE,SERVICE,13.0,52.0,112,2,2,88.08863183048014
JOB1362684408466,COMP38,CFO,HIGH_SCHOOL,NONE,AUTO,5.0,30.0,116,1,1,109.93671187363461
JOB1362684408467,COMP1,CTO,NONE,NONE,AUTO,13.0,62.0,119,2,3,110.35146212584341
JOB1362684408468,COMP1,JUNIOR,NONE,NONE,OIL,22.0,72.0,123,4,3,101.27484978164168
JOB1362684408469,COMP6,CTO,HIGH_SCHOOL,NONE,SERVICE,18.0,41.0,108,3,2,133.67575768320012
JOB1362684408470,COMP49,SENIOR,NONE,NONE,HEALTH,15.0,88.0,92,3,4,77.9364084684956
JOB1362684408471,COMP52,CFO,BACHELORS,BUSINESS,HEALTH,2.0,46.0,130,0,2,118.40208646732344
JOB1362684408472,COMP60,MANAGER,HIGH_SCHOOL,NONE,OIL,6.0,81.0,100,1,4,101.00688756675488
JOB1362684408473,COMP60,VICE_PRESIDENT,MASTERS,BIOLOGY,EDUCATION,6.0,91.0,76,1,4,86.50283367216596
JOB1362684408474,COMP47,CFO,DOCTORAL,MATH,HEALTH,9.0,47.0,141,1,2,140.97943347374587
JOB1362684408475,COMP3,CEO,BACHELORS,ENGINEERING,FINANCE,13.0,83.0,169,2,4,157.49823656240696
JOB1362684408476,COMP10,JANITOR,HIGH_SCHOOL,NONE,SERVICE,0.0,50.0,35,0,2,37.29906905536083
JOB1362684408477,COMP50,CTO,BACHELORS,ENGINEERING,HEALTH,2.0,19.0,117,0,0,124.07589301585209
JOB1362684408478,COMP62,VICE_PRESIDENT,BACHELORS,NONE,EDUCATION,15.0,5.0,104,3,0,127.33591183350211
JOB1362684408479,COMP59,CTO,DOCTORAL,MATH,HEALTH,16.0,49.0,150,3,2,159.79603914892243
JOB1362684408480,COMP15,JANITOR,HIGH_SCHOOL,NONE,OIL,3.0,69.0,69,0,3,62.041765935504856
JOB1362684408481,COMP9,MANAGER,DOCTORAL,NONE,HEALTH,24.0,66.0,110,4,3,132.8535881944879
JOB1362684408482,COMP35,CFO,BACHELORS,MATH,AUTO,13.0,25.0,144,2,1,143.7585391757278
JOB1362684408483,COMP14,JANITOR,HIGH_SCHOOL,NONE,FINANCE,9.0,14.0,101,1,0,92.03941541414697
JOB1362684408484,COMP50,JANITOR,HIGH_SCHOOL,NONE,AUTO,9.0,6.0,76,1,0,75.17135332374258
JOB1362684408485,COMP34,JUNIOR,MASTERS,MATH,AUTO,13.0,2.0,100,2,0,120.91709752599054
JOB1362684408486,COMP41,CTO,NONE,NONE,AUTO,23.0,52.0,108,4,2,134.63679206746352
JOB1362684408487,COMP54,VICE_PRESIDENT,DOCTORAL,COMPSCI,HEALTH,3.0,86.0,142,0,4,113.32418952071572
JOB1362684408488,COMP40,SENIOR,NONE,NONE,SERVICE,14.0,27.0,105,2,1,92.87333863443787
JOB1362684408489,COMP25,SENIOR,BACHELORS,NONE,SERVICE,6.0,5.0,109,1,0,89.07562159830144
JOB1362684408490,COMP2,VICE_PRESIDENT,DOCTORAL,COMPSCI,AUTO,13.0,63.0,113,2,3,129.33709996080808
JOB1362684408491,COMP14,CTO,NONE,NONE,SERVICE,10.0,95.0,64,2,4,90.38919768549653
JOB1362684408492,COMP42,JUNIOR,HIGH_SCHOOL,NONE,OIL,20.0,22.0,132,4,1,132.19671956008213
JOB1362684408493,COMP50,VICE_PRESIDENT,MASTERS,LITERATURE,WEB,18.0,55.0,131,3,2,139.5161339279461
JOB1362684408494,COMP34,CTO,BACHELORS,PHYSICS,HEALTH,15.0,17.0,205,3,0,154.22840009039095
JOB1362684408495,COMP21,CFO,DOCTORAL,ENGINEERING,FINANCE,8.0,0.0,159,1,0,176.84791461587517
JOB1362684408496,COMP10,JUNIOR,DOCTORAL,BIOLOGY,WEB,21.0,96.0,102,4,4,102.81438657506543
JOB1362684408497,COMP54,MANAGER,NONE,NONE,AUTO,4.0,1.0,98,0,0,90.44405607139494
JOB1362684408498,COMP3,CTO,MASTERS,ENGINEERING,WEB,1.0,53.0,125,0,2,140.35149327514506
JOB1362684408499,COMP17,JUNIOR,NONE,NONE,OIL,7.0,98.0,51,1,4,69.72706783262362
JOB1362684408500,COMP47,JANITOR,NONE,NONE,WEB,0.0,56.0,42,0,2,47.802643500689115
JOB1362684408501,COMP36,CEO,BACHELORS,COMPSCI,HEALTH,21.0,24.0,143,4,1,181.01425671989364
JOB1362684408502,COMP17,JUNIOR,HIGH_SCHOOL,NONE,SERVICE,19.0,60.0,91,3,3,82.08777414847565
JOB1362684408503,COMP11,JUNIOR,MASTERS,CHEMISTRY,AUTO,18.0,78.0,73,3,3,93.46452543779245
JOB1362684408504,COMP54,CTO,MASTERS,NONE,EDUCATION,12.0,90.0,81,2,4,101.99287665828521
JOB1362684408505,COMP8,CEO,MASTERS,PHYSICS,WEB,22.0,66.0,172,4,3,170.33343702272967
JOB1362684408506,COMP43,JANITOR,NONE,NONE,WEB,6.0,64.0,47,1,3,58.02082282391928
JOB1362684408507,COMP51,JUNIOR,DOCTORAL,ENGINEERING,OIL,7.0,56.0,156,1,2,127.24083633312775
JOB1362684408508,COMP7,MANAGER,BACHELORS,LITERATURE,OIL,16.0,31.0,170,3,1,140.17401048760343
JOB1362684408509,COMP30,CTO,HIGH_SCHOOL,NONE,EDUCATION,18.0,1.0,176,3,0,147.50756245136157
JOB1362684408510,COMP49,CEO,BACHELORS,MATH,EDUCATION,1.0,6.0,84,0,0,115.6528606877301
JOB1362684408511,COMP26,VICE_PRESIDENT,NONE,NONE,FINANCE,4.0,23.0,94,0,1,115.73408574912402
JOB1362684408512,COMP61,VICE_PRESIDENT,BACHELORS,LITERATURE,SERVICE,9.0,11.0,105,1,0,119.93917396008514
JOB1362684408513,COMP53,CTO,MASTERS,ENGINEERING,SERVICE,21.0,17.0,174,4,0,168.46965432187008
JOB1362684408514,COMP1,CEO,MASTERS,NONE,HEALTH,8.0,30.0,122,1,1,143.1835034598848
JOB1362684408515,COMP35,CTO,HIGH_SCHOOL,NONE,SERVICE,8.0,96.0,94,1,4,91.91336730454512
JOB1362684408516,COMP40,CTO,MASTERS,CHEMISTRY,WEB,13.0,4.0,121,2,0,163.12936342611343
JOB1362684408517,COMP30,VICE_PRESIDENT,MASTERS,PHYSICS,EDUCATION,17.0,11.0,144,3,0,147.1085649631429
JOB1362684408518,COMP26,CFO,MASTERS,NONE,OIL,16.0,62.0,124,3,3,155.6497068734261
JOB1362684408519,COMP54,VICE_PRESIDENT,DOCTORAL,LITERATURE,SERVICE,7.0,90.0,94,1,4,96.9375513292681
JOB1362684408520,COMP56,JUNIOR,BACHELORS,ENGINEERING,OIL,12.0,77.0,145,2,3,117.07008925481557
JOB1362684408521,COMP4,CEO,BACHELORS,BIOLOGY,AUTO,23.0,64.0,169,4,3,151.97418202549747
JOB1362684408522,COMP2,MANAGER,NONE,NONE,OIL,23.0,12.0,173,4,0,156.40935983871256
JOB1362684408523,COMP0,JUNIOR,BACHELORS,CHEMISTRY,WEB,4.0,85.0,96,0,4,77.74895065221432
JOB1362684408524,COMP4,JUNIOR,HIGH_SCHOOL,NONE,WEB,12.0,66.0,82,2,3,84.3117469673013
JOB1362684408525,COMP29,JANITOR,NONE,NONE,HEALTH,3.0,86.0,58,0,4,44.497067780110655
JOB1362684408526,COMP28,SENIOR,NONE,NONE,AUTO,2.0,25.0,73,0,1,71.01236211371625
JOB1362684408527,COMP5,SENIOR,MASTERS,ENGINEERING,SERVICE,6.0,63.0,78,1,3,87.13008378508349
JOB1362684408528,COMP57,JANITOR,NONE,NONE,SERVICE,17.0,74.0,62,3,3,58.13730498539656
JOB1362684408529,COMP14,VICE_PRESIDENT,MASTERS,COMPSCI,WEB,0.0,70.0,103,0,3,110.67403490563068
JOB1362684408530,COMP38,SENIOR,NONE,NONE,AUTO,14.0,69.0,93,2,3,78.54936885241653
JOB1362684408531,COMP42,CTO,BACHELORS,COMPSCI,SERVICE,17.0,91.0,159,3,4,115.5936969909615
JOB1362684408532,COMP27,CTO,HIGH_SCHOOL,NONE,HEALTH,16.0,33.0,148,3,1,140.3539327599041
JOB1362684408533,COMP1,CFO,NONE,NONE,AUTO,6.0,79.0,86,1,3,95.65301485314535
JOB1362684408534,COMP26,JANITOR,HIGH_SCHOOL,NONE,WEB,12.0,38.0,83,2,1,79.75915128284967
JOB1362684408535,COMP3,VICE_PRESIDENT,BACHELORS,ENGINEERING,SERVICE,24.0,30.0,174,4,1,155.23198941580262
JOB1362684408536,COMP60,SENIOR,BACHELORS,PHYSICS,SERVICE,21.0,74.0,117,4,3,100.37577299890043
JOB1362684408537,COMP54,CEO,HIGH_SCHOOL,NONE,SERVICE,1.0,51.0,107,0,2,102.98022421850199
JOB1362684408538,COMP53,JANITOR,HIGH_SCHOOL,NONE,HEALTH,11.0,42.0,57,2,2,70.61552094476392
JOB1362684408539,COMP57,VICE_PRESIDENT,HIGH_SCHOOL,NONE,SERVICE,19.0,1.0,140,3,0,142.05885762909867
JOB1362684408540,COMP39,VICE_PRESIDENT,BACHELORS,ENGINEERING,HEALTH,22.0,74.0,126,4,3,131.6575219183506
JOB1362684408541,COMP0,MANAGER,HIGH_SCHOOL,NONE,EDUCATION,15.0,78.0,84,3,3,82.75892380822077
JOB1362684408542,COMP55,JUNIOR,HIGH_SCHOOL,NONE,HEALTH,10.0,41.0,80,2,2,83.35331076654066
JOB1362684408543,COMP29,JANITOR,NONE,NONE,AUTO,11.0,54.0,56,2,2,59.927186350243225
JOB1362684408544,COMP38,CEO,BACHELORS,BUSINESS,HEALTH,17.0,53.0,168,3,2,156.21900423958405
JOB1362684408545,COMP28,CEO,NONE,NONE,FINANCE,0.0,13.0,151,0,0,123.27353519377647
JOB1362684408546,COMP9,CFO,DOCTORAL,CHEMISTRY,EDUCATION,23.0,98.0,93,4,4,122.46621215490389
JOB1362684408547,COMP28,CFO,NONE,NONE,FINANCE,2.0,23.0,118,0,1,120.3117397502364
JOB1362684408548,COMP44,JUNIOR,MASTERS,PHYSICS,OIL,2.0,30.0,103,0,1,98.95984174199168
JOB1362684408549,COMP24,MANAGER,NONE,NONE,SERVICE,20.0,60.0,74,4,3,101.83315384322908
JOB1362684408550,COMP20,MANAGER,DOCTORAL,CHEMISTRY,FINANCE,16.0,46.0,139,3,2,149.35423841179818
JOB1362684408551,COMP60,JANITOR,HIGH_SCHOOL,NONE,FINANCE,8.0,87.0,58,1,4,64.82965593478781
JOB1362684408552,COMP37,MANAGER,DOCTORAL,NONE,EDUCATION,8.0,21.0,106,1,1,107.47948301935178
JOB1362684408553,COMP51,SENIOR,MASTERS,MATH,HEALTH,5.0,79.0,69,1,3,92.44454611538085
JOB1362684408554,COMP58,VICE_PRESIDENT,DOCTORAL,ENGINEERING,OIL,10.0,39.0,178,2,1,170.46906272049623
JOB1362684408555,COMP9,JANITOR,NONE,NONE,SERVICE,4.0,7.0,51,0,0,55.06091557523877
JOB1362684408556,COMP14,JANITOR,NONE,NONE,AUTO,5.0,82.0,33,1,4,42.6585427768028
JOB1362684408557,COMP48,CEO,NONE,NONE,WEB,12.0,41.0,130,2,2,137.87674579572246
JOB1362684408558,COMP19,MANAGER,NONE,NONE,WEB,1.0,9.0,74,0,0,88.91567022311433
JOB1362684408559,COMP40,VICE_PRESIDENT,DOCTORAL,MATH,FINANCE,3.0,29.0,157,0,1,136.15545153714712
JOB1362684408560,COMP35,JANITOR,NONE,NONE,AUTO,1.0,84.0,29,0,4,37.888253594285636
JOB1362684408561,COMP3,SENIOR,DOCTORAL,BIOLOGY,OIL,16.0,93.0,131,3,4,116.61506017876955
JOB1362684408562,COMP5,JANITOR,NONE,NONE,OIL,7.0,7.0,73,1,0,88.78903542308933
JOB1362684408563,COMP40,CEO,DOCTORAL,CHEMISTRY,HEALTH,20.0,47.0,180,4,2,184.0471526308943
JOB1362684408564,COMP51,SENIOR,MASTERS,PHYSICS,AUTO,1.0,26.0,93,0,1,90.66931912318404
JOB1362684408565,COMP30,VICE_PRESIDENT,NONE,NONE,HEALTH,9.0,36.0,135,1,1,110.01918760675794
JOB1362684408566,COMP9,CFO,HIGH_SCHOOL,NONE,OIL,1.0,57.0,140,0,2,115.45731684657032
JOB1362684408567,COMP46,JANITOR,NONE,NONE,EDUCATION,5.0,0.0,57,1,0,53.211629053093134
JOB1362684408568,COMP14,SENIOR,BACHELORS,MATH,EDUCATION,3.0,21.0,88,0,1,82.39426787416019
JOB1362684408569,COMP18,CEO,MASTERS,MATH,FINANCE,5.0,34.0,192,1,1,154.1412808263049
JOB1362684408570,COMP24,MANAGER,HIGH_SCHOOL,NONE,WEB,22.0,18.0,137,4,0,146.9145365969133
JOB1362684408571,COMP36,JANITOR,HIGH_SCHOOL,NONE,EDUCATION,4.0,57.0,36,0,2,35.78183938438213
JOB1362684408572,COMP59,CFO,NONE,NONE,HEALTH,14.0,55.0,100,2,2,119.44518286294986
JOB1362684408573,COMP33,CFO,HIGH_SCHOOL,NONE,OIL,3.0,11.0,142,0,0,128.14826522236166
JOB1362684408574,COMP0,JUNIOR,HIGH_SCHOOL,NONE,OIL,1.0,31.0,99,0,1,75.62778894641309
JOB1362684408575,COMP61,MANAGER,DOCTORAL,CHEMISTRY,OIL,3.0,78.0,143,0,3,113.49356777711478
JOB1362684408576,COMP42,CTO,NONE,NONE,EDUCATION,2.0,80.0,65,0,4,79.75141357062385
JOB1362684408577,COMP29,JANITOR,HIGH_SCHOOL,NONE,AUTO,19.0,47.0,78,3,2,79.22920338893164
JOB1362684408578,COMP57,CTO,NONE,NONE,FINANCE,4.0,87.0,137,0,4,111.40704505096085
JOB1362684408579,COMP6,VICE_PRESIDENT,BACHELORS,ENGINEERING,WEB,7.0,71.0,175,1,3,136.2583451597561
JOB1362684408580,COMP59,JUNIOR,HIGH_SCHOOL,NONE,AUTO,19.0,65.0,103,3,3,85.05569792318317
JOB1362684408581,COMP18,CFO,NONE,NONE,HEALTH,1.0,94.0,99,0,4,90.62958429400935
JOB1362684408582,COMP9,JANITOR,NONE,NONE,SERVICE,3.0,50.0,37,0,2,42.050615712075086
JOB1362684408583,COMP53,CEO,DOCTORAL,CHEMISTRY,HEALTH,4.0,34.0,200,0,1,152.6514221340317
JOB1362684408584,COMP36,SENIOR,DOCTORAL,LITERATURE,SERVICE,5.0,13.0,94,1,0,98.35537128032747
JOB1362684408585,COMP53,CFO,BACHELORS,ENGINEERING,AUTO,3.0,61.0,107,0,3,120.38206386454256
JOB1362684408586,COMP0,VICE_PRESIDENT,NONE,NONE,EDUCATION,7.0,33.0,68,1,1,88.31835710962822
JOB1362684408587,COMP13,CTO,NONE,NONE,AUTO,15.0,91.0,79,3,4,100.93079079951785
JOB1362684408588,COMP35,CFO,BACHELORS,COMPSCI,AUTO,24.0,93.0,161,4,4,126.94901087076761
JOB1362684408589,COMP20,CTO,HIGH_SCHOOL,NONE,WEB,22.0,58.0,139,4,2,144.12819840756939
JOB1362684408590,COMP3,JUNIOR,BACHELORS,BUSINESS,OIL,22.0,6.0,191,4,0,167.34301088012322
JOB1362684408591,COMP9,JUNIOR,NONE,NONE,FINANCE,19.0,30.0,148,3,1,119.24115801813167
JOB1362684408592,COMP49,CFO,DOCTORAL,BUSINESS,FINANCE,5.0,91.0,181,1,4,155.6209670151044
JOB1362684408593,COMP56,VICE_PRESIDENT,HIGH_SCHOOL,NONE,HEALTH,24.0,69.0,100,4,3,126.63641947958449
JOB1362684408594,COMP25,CEO,HIGH_SCHOOL,NONE,EDUCATION,1.0,66.0,102,0,3,95.86601857451278
JOB1362684408595,COMP3,CTO,DOCTORAL,BUSINESS,EDUCATION,11.0,93.0,123,2,4,113.93045682807552
JOB1362684408596,COMP14,CEO,DOCTORAL,ENGINEERING,HEALTH,23.0,86.0,156,4,4,156.7826442411403
JOB1362684408597,COMP33,SENIOR,NONE,NONE,HEALTH,18.0,60.0,117,3,3,98.40380923861663
JOB1362684408598,COMP4,CFO,NONE,NONE,EDUCATION,2.0,66.0,80,0,3,84.53914715254061
JOB1362684408599,COMP21,CEO,DOCTORAL,BIOLOGY,AUTO,11.0,92.0,147,2,4,129.71113186180972
JOB1362684408600,COMP61,JUNIOR,NONE,NONE,SERVICE,22.0,4.0,91,4,0,122.13554357208676
JOB1362684408601,COMP2,SENIOR,NONE,NONE,AUTO,4.0,81.0,70,0,4,63.7111082890964
JOB1362684408602,COMP51,MANAGER,DOCTORAL,BUSINESS,FINANCE,4.0,43.0,126,0,2,145.65530742574006
JOB1362684408603,COMP6,SENIOR,HIGH_SCHOOL,NONE,HEALTH,10.0,13.0,105,2,0,104.52712058880321
JOB1362684408604,COMP29,SENIOR,NONE,NONE,OIL,17.0,48.0,114,3,2,114.39834466140177
JOB1362684408605,COMP13,JUNIOR,NONE,NONE,OIL,20.0,76.0,82,4,3,93.8641523943176
JOB1362684408606,COMP31,CEO,BACHELORS,BUSINESS,WEB,23.0,12.0,185,4,0,194.73823456631948
JOB1362684408607,COMP27,SENIOR,DOCTORAL,BIOLOGY,HEALTH,16.0,35.0,149,3,1,139.41284163256466
JOB1362684408608,COMP3,SENIOR,NONE,NONE,WEB,0.0,67.0,65,0,3,68.83739315169268
JOB1362684408609,COMP19,JANITOR,HIGH_SCHOOL,NONE,EDUCATION,8.0,41.0,49,1,2,47.97140582278663
JOB1362684408610,COMP12,CTO,MASTERS,ENGINEERING,HEALTH,20.0,46.0,149,4,2,158.510366500453
JOB1362684408611,COMP4,JANITOR,NONE,NONE,OIL,15.0,89.0,77,3,4,69.94086734724999
JOB1362684408612,COMP61,JANITOR,HIGH_SCHOOL,NONE,HEALTH,23.0,71.0,95,4,3,79.44529454846037
JOB1362684408613,COMP33,MANAGER,MASTERS,COMPSCI,OIL,0.0,32.0,123,0,1,116.39579294776517
JOB1362684408614,COMP20,CTO,HIGH_SCHOOL,NONE,SERVICE,13.0,26.0,148,2,1,125.33780925983517
JOB1362684408615,COMP20,CFO,NONE,NONE,FINANCE,8.0,40.0,129,1,2,130.06636303559847
JOB1362684408616,COMP43,VICE_PRESIDENT,BACHELORS,CHEMISTRY,FINANCE,10.0,90.0,98,2,4,120.57640870396187
JOB1362684408617,COMP16,CFO,MASTERS,BIOLOGY,AUTO,19.0,98.0,119,3,4,121.87557708511332
JOB1362684408618,COMP5,JANITOR,HIGH_SCHOOL,NONE,OIL,10.0,11.0,83,2,0,97.12472741981259
JOB1362684408619,COMP49,JUNIOR,DOCTORAL,MATH,SERVICE,24.0,70.0,94,4,3,110.69967902690335
JOB1362684408620,COMP11,CFO,MASTERS,ENGINEERING,HEALTH,14.0,77.0,125,2,3,134.950930750025
JOB1362684408621,COMP26,CEO,NONE,NONE,HEALTH,21.0,22.0,209,4,1,165.34649534837058
JOB1362684408622,COMP0,CFO,BACHELORS,ENGINEERING,AUTO,7.0,0.0,127,1,0,144.32898111503016
JOB1362684408623,COMP44,CTO,HIGH_SCHOOL,NONE,SERVICE,5.0,22.0,96,1,1,108.78891270683286
JOB1362684408624,COMP32,JUNIOR,NONE,NONE,HEALTH,3.0,42.0,53,0,2,64.26633655483435
JOB1362684408625,COMP14,CFO,BACHELORS,BUSINESS,HEALTH,3.0,8.0,146,0,0,127.72177494481204
JOB1362684408626,COMP19,SENIOR,HIGH_SCHOOL,NONE,AUTO,20.0,26.0,152,4,1,118.43555329087062
JOB1362684408627,COMP55,SENIOR,NONE,NONE,FINANCE,6.0,89.0,74,1,4,80.00678777842651
JOB1362684408628,COMP54,SENIOR,NONE,NONE,AUTO,11.0,93.0,64,2,4,67.86382388035983
JOB1362684408629,COMP4,JANITOR,HIGH_SCHOOL,NONE,OIL,3.0,95.0,43,0,4,54.8511774817355
JOB1362684408630,COMP48,CEO,MASTERS,BIOLOGY,EDUCATION,24.0,13.0,168,4,0,178.58125099705333
JOB1362684408631,COMP59,CFO,BACHELORS,ENGINEERING,OIL,6.0,55.0,121,1,2,159.84610915725028
JOB1362684408632,COMP48,CFO,DOCTORAL,BUSINESS,HEALTH,14.0,85.0,139,2,4,134.27181141623205
JOB1362684408633,COMP35,CTO,HIGH_SCHOOL,NONE,AUTO,11.0,40.0,148,2,2,119.00713009713516
JOB1362684408634,COMP44,CEO,DOCTORAL,NONE,OIL,23.0,55.0,170,4,2,180.2626684441799
JOB1362684408635,COMP1,VICE_PRESIDENT,MASTERS,ENGINEERING,AUTO,16.0,2.0,164,3,0,163.81101038907354
JOB1362684408636,COMP52,VICE_PRESIDENT,DOCTORAL,MATH,EDUCATION,15.0,37.0,118,3,1,141.860880730533
JOB1362684408637,COMP60,JANITOR,HIGH_SCHOOL,NONE,WEB,24.0,69.0,92,4,3,86.69178354190878
JOB1362684408638,COMP41,VICE_PRESIDENT,HIGH_SCHOOL,NONE,SERVICE,12.0,51.0,130,2,2,100.98169292020712
JOB1362684408639,COMP19,JANITOR,HIGH_SCHOOL,NONE,SERVICE,6.0,57.0,55,1,2,45.90649558437929
JOB1362684408640,COMP24,CTO,NONE,NONE,AUTO,23.0,70.0,150,4,3,122.49899323129776
JOB1362684408641,COMP28,MANAGER,HIGH_SCHOOL,NONE,WEB,4.0,40.0,87,0,2,97.74164072911468
JOB1362684408642,COMP21,CTO,MASTERS,ENGINEERING,FINANCE,5.0,48.0,143,1,2,152.93087102470662
JOB1362684408643,COMP47,JANITOR,HIGH_SCHOOL,NONE,FINANCE,11.0,81.0,86,2,4,70.87387239757088
JOB1362684408644,COMP40,CEO,BACHELORS,ENGINEERING,SERVICE,2.0,52.0,142,0,2,117.4458122470696
JOB1362684408645,COMP42,CFO,DOCTORAL,CHEMISTRY,EDUCATION,8.0,49.0,146,1,2,123.41594020145119
JOB1362684408646,COMP47,CTO,HIGH_SCHOOL,NONE,OIL,17.0,9.0,188,3,0,174.08106415152557
JOB1362684408647,COMP1,MANAGER,NONE,NONE,AUTO,23.0,11.0,125,4,0,140.49640876409038
JOB1362684408648,COMP19,CEO,MASTERS,ENGINEERING,EDUCATION,17.0,5.0,162,3,0,170.19744827249787
JOB1362684408649,COMP7,CFO,NONE,NONE,FINANCE,22.0,89.0,90,4,4,129.96515028326078
JOB1362684408650,COMP28,VICE_PRESIDENT,HIGH_SCHOOL,NONE,AUTO,21.0,48.0,114,4,2,129.85825397073148
JOB1362684408651,COMP28,CFO,HIGH_SCHOOL,NONE,SERVICE,4.0,60.0,104,0,3,97.4815939155591
JOB1362684408652,COMP24,JUNIOR,BACHELORS,NONE,AUTO,12.0,17.0,84,2,0,97.63064073719757
JOB1362684408653,COMP32,CEO,DOCTORAL,ENGINEERING,FINANCE,23.0,11.0,247,4,0,220.96523360144133
JOB1362684408654,COMP0,CEO,BACHELORS,MATH,HEALTH,14.0,44.0,119,2,2,151.5252514181935
JOB1362684408655,COMP1,CTO,DOCTORAL,MATH,FINANCE,0.0,70.0,115,0,3,132.43409645032582
JOB1362684408656,COMP6,MANAGER,MASTERS,BUSINESS,EDUCATION,18.0,15.0,127,3,0,141.04064050980165
JOB1362684408657,COMP48,SENIOR,NONE,NONE,EDUCATION,17.0,45.0,80,3,2,86.86442022687663
JOB1362684408658,COMP39,SENIOR,MASTERS,BIOLOGY,HEALTH,9.0,35.0,96,1,1,119.05538649190495
JOB1362684408659,COMP55,CEO,DOCTORAL,COMPSCI,HEALTH,6.0,35.0,129,1,1,149.76970121020787
JOB1362684408660,COMP25,MANAGER,BACHELORS,NONE,EDUCATION,19.0,99.0,63,3,4,80.96933088551492
JOB1362684408661,COMP39,JANITOR,HIGH_SCHOOL,NONE,FINANCE,17.0,64.0,105,3,3,89.06599196561156
JOB1362684408662,COMP31,CEO,BACHELORS,COMPSCI,HEALTH,3.0,18.0,145,0,0,137.17840980150746
JOB1362684408663,COMP45,SENIOR,NONE,NONE,EDUCATION,0.0,86.0,43,0,4,49.084406925183615
JOB1362684408664,COMP25,CFO,MASTERS,CHEMISTRY,WEB,9.0,14.0,140,1,0,150.4290966133256
JOB1362684408665,COMP1,MANAGER,MASTERS,LITERATURE,FINANCE,6.0,90.0,110,1,4,106.702574723816
JOB1362684408666,COMP18,CTO,BACHELORS,LITERATURE,SERVICE,8.0,72.0,87,1,3,105.22740232435667
JOB1362684408667,COMP8,CFO,BACHELORS,BUSINESS,FINANCE,22.0,67.0,130,4,3,178.87308527612228
JOB1362684408668,COMP36,CFO,HIGH_SCHOOL,NONE,FINANCE,11.0,40.0,104,2,2,141.33465983449906
JOB1362684408669,COMP12,CFO,NONE,NONE,SERVICE,19.0,68.0,100,3,3,112.51044397437177
JOB1362684408670,COMP0,VICE_PRESIDENT,HIGH_SCHOOL,NONE,HEALTH,11.0,70.0,124,2,3,104.41451313667625
JOB1362684408671,COMP20,CTO,DOCTORAL,BIOLOGY,FINANCE,7.0,89.0,117,1,4,135.04705406172832
JOB1362684408672,COMP20,JANITOR,NONE,NONE,SERVICE,12.0,51.0,64,2,2,60.8732817055991
JOB1362684408673,COMP37,CFO,HIGH_SCHOOL,NONE,FINANCE,24.0,20.0,229,4,1,181.2578309933437
JOB1362684408674,COMP29,CEO,BACHELORS,LITERATURE,AUTO,4.0,26.0,152,0,1,125.911451453608
JOB1362684408675,COMP10,CEO,DOCTORAL,ENGINEERING,AUTO,6.0,18.0,189,1,0,155.02677427306946
JOB1362684408676,COMP15,JANITOR,NONE,NONE,FINANCE,15.0,68.0,71,3,3,83.10906333597984
JOB1362684408677,COMP48,CFO,BACHELORS,PHYSICS,AUTO,22.0,72.0,151,4,3,136.40712495014012
JOB1362684408678,COMP20,MANAGER,NONE,NONE,SERVICE,23.0,16.0,119,4,0,132.9948873440487
JOB1362684408679,COMP29,SENIOR,MASTERS,MATH,OIL,4.0,73.0,120,0,3,103.65640820489111
JOB1362684408680,COMP57,JUNIOR,MASTERS,MATH,OIL,9.0,63.0,105,1,3,109.1286292170473
JOB1362684408681,COMP58,SENIOR,NONE,NONE,HEALTH,17.0,44.0,86,3,2,102.43905943045348
JOB1362684408682,COMP53,MANAGER,NONE,NONE,HEALTH,1.0,96.0,76,0,4,71.90147705491913
JOB1362684408683,COMP45,JANITOR,HIGH_SCHOOL,NONE,EDUCATION,19.0,0.0,75,3,0,95.23834939043923
JOB1362684408684,COMP21,CTO,MASTERS,PHYSICS,AUTO,1.0,43.0,92,0,2,115.56589366730607
JOB1362684408685,COMP54,JUNIOR,MASTERS,LITERATURE,SERVICE,18.0,20.0,127,3,1,117.40026710787794
JOB1362684408686,COMP40,JANITOR,NONE,NONE,FINANCE,4.0,37.0,80,0,1,69.62884292873605
